,season,team,player
0,2013,Mumbai Indians,KA Pollard
1,2012,Pune Warriors,MJ Clarke
2,2012,Delhi Daredevils,DA Warner
3,2011,Kochi Tuskers Kerala,RA Jadeja
4,2015,Kings XI Punjab,DA Miller
5,2019,Rajasthan Royals,O Thomas
6,2010,Royal Challengers Bangalore,Pankaj Singh
7,2018,Royal Challengers Bangalore,CR Woakes
8,2018,Chennai Super Kings,M Wood
9,2013,Mumbai Indians,RG Sharma
10,2016,Kings XI Punjab,Swapnil Singh
11,2010,Kolkata Knight Riders,LR Shukla
12,2019,Delhi Capitals,AR Patel
13,2008,Kolkata Knight Riders,Umar Gul
14,2014,Royal Challengers Bangalore,VH Zol
15,2012,Kolkata Knight Riders,RN ten Doeschate
16,2011,Pune Warriors,SS Mundhe
17,2008,Deccan Chargers,A Symonds
18,2008,Delhi Daredevils,MF Maharoof
19,2011,Pune Warriors,MK Pandey
20,2015,Sunrisers Hyderabad,Parvez Rasool
21,2015,Kings XI Punjab,Anureet Singh
22,2013,Pune Warriors,WD Parnell
23,2009,Delhi Daredevils,A Nehra
24,2011,Chennai Super Kings,SB Jakati
25,2016,Gujarat Lions,S Ladda
26,2014,Royal Challengers Bangalore,V Kohli
27,2010,Chennai Super Kings,MEK Hussey
28,2015,Royal Challengers Bangalore,VR Aaron
29,2017,Sunrisers Hyderabad,V Shankar
30,2008,Kolkata Knight Riders,Iqbal Abdulla
31,2011,Kochi Tuskers Kerala,S Sreesanth
32,2011,Royal Challengers Bangalore,A Mithun
33,2011,Kochi Tuskers Kerala,OA Shah
34,2018,Chennai Super Kings,Harbhajan Singh
35,2008,Mumbai Indians,MK Pandey
36,2013,Sunrisers Hyderabad,KV Sharma
37,2016,Delhi Daredevils,SV Samson
38,2009,Chennai Super Kings,R Ashwin
39,2018,Rajasthan Royals,DS Kulkarni
40,2014,Delhi Daredevils,MK Tiwary
41,2008,Deccan Chargers,Y Venugopal Rao
42,2013,Chennai Super Kings,MS Dhoni
43,2015,Rajasthan Royals,STR Binny
44,2012,Rajasthan Royals,AM Rahane
45,2008,Chennai Super Kings,JA Morkel
46,2008,Rajasthan Royals,M Rawat
47,2018,Delhi Daredevils,J Dala
48,2010,Kolkata Knight Riders,I Sharma
49,2014,Delhi Daredevils,S Kaul
50,2008,Kings XI Punjab,KC Sangakkara
51,2016,Royal Challengers Bangalore,KM Jadhav
52,2008,Royal Challengers Bangalore,Abdur Razzak
53,2012,Pune Warriors,AB Dinda
54,2015,Mumbai Indians,SL Malinga
55,2013,Kolkata Knight Riders,JH Kallis
56,2012,Chennai Super Kings,MS Dhoni
57,2019,Royal Challengers Bangalore,C de Grandhomme
58,2011,Rajasthan Royals,SK Trivedi
59,2016,Kolkata Knight Riders,AD Russell
60,2019,Kolkata Knight Riders,SP Narine
61,2013,Chennai Super Kings,S Badrinath
62,2011,Rajasthan Royals,SW Tait
63,2012,Deccan Chargers,Ankit Sharma
64,2017,Delhi Daredevils,Z Khan
65,2018,Rajasthan Royals,BA Stokes
66,2010,Royal Challengers Bangalore,B Akhil
67,2011,Kochi Tuskers Kerala,NLTC Perera
68,2018,Rajasthan Royals,RA Tripathi
69,2010,Royal Challengers Bangalore,MK Pandey
70,2011,Kolkata Knight Riders,YK Pathan
71,2019,Sunrisers Hyderabad,R Bhui
72,2017,Kings XI Punjab,VR Aaron
73,2012,Pune Warriors,WD Parnell
74,2010,Royal Challengers Bangalore,CL White
75,2014,Chennai Super Kings,BB McCullum
76,2017,Gujarat Lions,MS Gony
77,2011,Delhi Daredevils,AJ Finch
78,2016,Delhi Daredevils,JP Duminy
79,2018,Kings XI Punjab,KL Rahul
80,2009,Delhi Daredevils,TM Dilshan
81,2014,Sunrisers Hyderabad,MC Henriques
82,2016,Rising Pune Supergiants,F du Plessis
83,2008,Mumbai Indians,DJ Thornely
84,2016,Rising Pune Supergiants,KP Pietersen
85,2016,Kings XI Punjab,WP Saha
86,2011,Kolkata Knight Riders,R Bhatia
87,2019,Royal Challengers Bangalore,YS Chahal
88,2016,Kings XI Punjab,KJ Abbott
89,2008,Chennai Super Kings,MS Dhoni
90,2012,Kings XI Punjab,AD Mascarenhas
91,2019,Rajasthan Royals,K Gowtham
92,2011,Royal Challengers Bangalore,TM Dilshan
93,2010,Kolkata Knight Riders,CA Pujara
94,2018,Rajasthan Royals,I Sodhi
95,2012,Delhi Daredevils,DAJ Bracewell
96,2019,Kings XI Punjab,V Chakravarthy
97,2018,Mumbai Indians,JP Duminy
98,2011,Kochi Tuskers Kerala,M Klinger
99,2019,Mumbai Indians,RG Sharma
100,2008,Kings XI Punjab,VRV Singh
101,2012,Chennai Super Kings,M Vijay
102,2011,Kochi Tuskers Kerala,P Parameswaran
103,2012,Royal Challengers Bangalore,KP Appanna
104,2017,Gujarat Lions,P Kumar
105,2010,Mumbai Indians,CRD Fernando
106,2009,Rajasthan Royals,MM Patel
107,2012,Chennai Super Kings,VY Mahesh
108,2014,Chennai Super Kings,F du Plessis
109,2018,Mumbai Indians,E Lewis
110,2016,Sunrisers Hyderabad,DJ Hooda
111,2014,Sunrisers Hyderabad,Y Venugopal Rao
112,2019,Mumbai Indians,Yuvraj Singh
113,2019,Royal Challengers Bangalore,Mohammed Siraj
114,2016,Rising Pune Supergiants,AM Rahane
115,2010,Rajasthan Royals,SB Wagh
116,2012,Mumbai Indians,SR Tendulkar
117,2012,Kings XI Punjab,JP Faulkner
118,2013,Kolkata Knight Riders,EJG Morgan
119,2015,Kings XI Punjab,Karanveer Singh
120,2016,Sunrisers Hyderabad,DA Warner
121,2017,Rising Pune Supergiant,BA Stokes
122,2012,Deccan Chargers,MS Gony
123,2014,Rajasthan Royals,KK Cooper
124,2009,Mumbai Indians,GR Napier
125,2012,Rajasthan Royals,STR Binny
126,2017,Gujarat Lions,BB McCullum
127,2016,Kolkata Knight Riders,UT Yadav
128,2011,Kolkata Knight Riders,SP Goswami
129,2010,Kolkata Knight Riders,BJ Hodge
130,2008,Chennai Super Kings,S Badrinath
131,2010,Royal Challengers Bangalore,DW Steyn
132,2016,Rising Pune Supergiants,AB Dinda
133,2013,Pune Warriors,IC Pandey
134,2016,Sunrisers Hyderabad,B Kumar
135,2017,Kolkata Knight Riders,TA Boult
136,2013,Mumbai Indians,P Suyal
137,2008,Delhi Daredevils,Mohammad Asif
138,2009,Kolkata Knight Riders,M Kartik
139,2016,Royal Challengers Bangalore,V Kohli
140,2011,Kochi Tuskers Kerala,RV Gomez
141,2019,Rajasthan Royals,A Turner
142,2015,Chennai Super Kings,A Nehra
143,2008,Chennai Super Kings,SK Raina
144,2008,Royal Challengers Bangalore,J Arunkumar
145,2016,Kings XI Punjab,Gurkeerat Singh
146,2017,Sunrisers Hyderabad,Bipul Sharma
147,2015,Kolkata Knight Riders,UT Yadav
148,2015,Kolkata Knight Riders,RN ten Doeschate
149,2009,Mumbai Indians,Harbhajan Singh
150,2019,Kolkata Knight Riders,H Gurney
151,2013,Delhi Daredevils,B Chipli
152,2010,Kolkata Knight Riders,BAW Mendis
153,2010,Chennai Super Kings,JA Morkel
154,2010,Kolkata Knight Riders,AD Mathews
155,2013,Chennai Super Kings,RA Jadeja
156,2008,Mumbai Indians,VS Yeligati
157,2019,Chennai Super Kings,D Shorey
158,2011,Kings XI Punjab,SJ Srivastava
159,2009,Rajasthan Royals,M Rawat
160,2013,Pune Warriors,UA Birla
161,2018,Chennai Super Kings,M Vijay
162,2018,Kings XI Punjab,AS Rajpoot
163,2009,Kolkata Knight Riders,Anureet Singh
164,2013,Chennai Super Kings,MM Sharma
165,2010,Kings XI Punjab,L Ablish
166,2017,Delhi Daredevils,CR Brathwaite
167,2012,Chennai Super Kings,S Badrinath
168,2010,Kings XI Punjab,RS Sodhi
169,2015,Delhi Daredevils,Imran Tahir
170,2019,Kolkata Knight Riders,CA Lynn
171,2013,Kings XI Punjab,Sandeep Sharma
172,2012,Chennai Super Kings,RA Jadeja
173,2008,Kings XI Punjab,K Goel
174,2012,Pune Warriors,AC Thomas
175,2013,Rajasthan Royals,DH Yagnik
176,2019,Delhi Capitals,TA Boult
177,2010,Chennai Super Kings,Joginder Sharma
178,2014,Chennai Super Kings,S Badree
179,2011,Pune Warriors,AC Thomas
180,2010,Chennai Super Kings,JM Kemp
181,2011,Pune Warriors,CJ Ferguson
182,2012,Chennai Super Kings,R Ashwin
183,2011,Deccan Chargers,CL White
184,2015,Royal Challengers Bangalore,DJG Sammy
185,2011,Delhi Daredevils,IK Pathan
186,2013,Mumbai Indians,Harbhajan Singh
187,2019,Rajasthan Royals,VR Aaron
188,2008,Rajasthan Royals,GC Smith
189,2014,Royal Challengers Bangalore,RR Rossouw
190,2011,Chennai Super Kings,S Badrinath
191,2008,Kolkata Knight Riders,SC Ganguly
192,2011,Delhi Daredevils,S Nadeem
193,2008,Mumbai Indians,L Ronchi
194,2009,Deccan Chargers,WPUJC Vaas
195,2012,Kolkata Knight Riders,R Bhatia
196,2014,Kings XI Punjab,V Sehwag
197,2019,Delhi Capitals,I Sharma
198,2017,Rising Pune Supergiant,Imran Tahir
199,2018,Royal Challengers Bangalore,YS Chahal
200,2013,Rajasthan Royals,AL Menaria
201,2016,Royal Challengers Bangalore,CH Gayle
202,2009,Deccan Chargers,VVS Laxman
203,2016,Kolkata Knight Riders,JO Holder
204,2008,Delhi Daredevils,VY Mahesh
205,2017,Gujarat Lions,SK Raina
206,2011,Chennai Super Kings,JA Morkel
207,2015,Delhi Daredevils,Yuvraj Singh
208,2015,Kings XI Punjab,M Vijay
209,2009,Deccan Chargers,Shoaib Ahmed
210,2013,Chennai Super Kings,SK Raina
211,2017,Kolkata Knight Riders,G Gambhir
212,2015,Chennai Super Kings,BB McCullum
213,2008,Deccan Chargers,WPUJC Vaas
214,2017,Sunrisers Hyderabad,Yuvraj Singh
215,2011,Pune Warriors,JD Ryder
216,2018,Royal Challengers Bangalore,Washington Sundar
217,2009,Kolkata Knight Riders,AB Agarkar
218,2008,Delhi Daredevils,Shoaib Malik
219,2019,Kolkata Knight Riders,J Denly
220,2010,Rajasthan Royals,AJ Finch
221,2014,Rajasthan Royals,BCJ Cutting
222,2017,Kolkata Knight Riders,IR Jaggi
223,2008,Deccan Chargers,RG Sharma
224,2016,Kolkata Knight Riders,R Sathish
225,2013,Rajasthan Royals,S Badree
226,2010,Kolkata Knight Riders,M Kartik
227,2009,Deccan Chargers,Harmeet Singh
228,2016,Gujarat Lions,PJ Sangwan
229,2009,Rajasthan Royals,PC Valthaty
230,2010,Deccan Chargers,Y Venugopal Rao
231,2018,Mumbai Indians,PJ Sangwan
232,2019,Rajasthan Royals,L Livingstone
233,2009,Deccan Chargers,A Symonds
234,2011,Delhi Daredevils,VR Aaron
235,2008,Chennai Super Kings,PA Patel
236,2008,Royal Challengers Bangalore,Misbah-ul-Haq
237,2010,Deccan Chargers,RJ Harris
238,2010,Kings XI Punjab,SE Marsh
239,2010,Delhi Daredevils,AB McDonald
240,2011,Royal Challengers Bangalore,CH Gayle
241,2015,Delhi Daredevils,AD Mathews
242,2009,Mumbai Indians,DJ Bravo
243,2019,Kolkata Knight Riders,N Rana
244,2013,Royal Challengers Bangalore,A Mithun
245,2017,Gujarat Lions,RA Jadeja
246,2018,Mumbai Indians,MJ McClenaghan
247,2015,Delhi Daredevils,Q de Kock
248,2008,Kolkata Knight Riders,Salman Butt
249,2008,Chennai Super Kings,L Balaji
250,2018,Mumbai Indians,RG Sharma
251,2015,Rajasthan Royals,SR Watson
252,2010,Delhi Daredevils,MF Maharoof
253,2008,Kolkata Knight Riders,BAW Mendis
254,2011,Chennai Super Kings,DE Bollinger
255,2010,Rajasthan Royals,SK Warne
256,2017,Gujarat Lions,Ankit Soni
257,2013,Royal Challengers Bangalore,CH Gayle
258,2017,Royal Challengers Bangalore,KM Jadhav
259,2018,Rajasthan Royals,STR Binny
260,2011,Chennai Super Kings,DJ Bravo
261,2016,Royal Challengers Bangalore,KW Richardson
262,2018,Sunrisers Hyderabad,B Kumar
263,2010,Rajasthan Royals,SR Watson
264,2014,Mumbai Indians,AT Rayudu
265,2019,Rajasthan Royals,M Lomror
266,2010,Royal Challengers Bangalore,R Vinay Kumar
267,2009,Royal Challengers Bangalore,KV Sharma
268,2010,Chennai Super Kings,GJ Bailey
269,2013,Mumbai Indians,YS Chahal
270,2012,Pune Warriors,M Kartik
271,2017,Mumbai Indians,Harbhajan Singh
272,2013,Kolkata Knight Riders,MK Tiwary
273,2014,Kings XI Punjab,WP Saha
274,2012,Rajasthan Royals,AA Chavan
275,2008,Mumbai Indians,PR Shah
276,2013,Sunrisers Hyderabad,DW Steyn
277,2014,Rajasthan Royals,VS Malik
278,2008,Mumbai Indians,DR Smith
279,2016,Rising Pune Supergiants,DL Chahar
280,2011,Royal Challengers Bangalore,DP Nannes
281,2013,Chennai Super Kings,R Ashwin
282,2012,Rajasthan Royals,SP Goswami
283,2010,Kings XI Punjab,AB Barath
284,2018,Mumbai Indians,BCJ Cutting
285,2016,Rising Pune Supergiants,MR Marsh
286,2013,Rajasthan Royals,BJ Hodge
287,2016,Sunrisers Hyderabad,NV Ojha
288,2009,Royal Challengers Bangalore,V Kohli
289,2015,Mumbai Indians,R Vinay Kumar
290,2015,Delhi Daredevils,J Yadav
291,2019,Royal Challengers Bangalore,Washington Sundar
292,2010,Kings XI Punjab,B Lee
293,2016,Gujarat Lions,SB Jakati
294,2015,Kolkata Knight Riders,Shakib Al Hasan
295,2012,Kolkata Knight Riders,MS Bisla
296,2015,Mumbai Indians,LMP Simmons
297,2012,Deccan Chargers,CA Lynn
298,2008,Royal Challengers Bangalore,B Akhil
299,2011,Royal Challengers Bangalore,DL Vettori
300,2009,Rajasthan Royals,AD Mascarenhas
301,2010,Delhi Daredevils,DA Warner
302,2010,Kolkata Knight Riders,JD Unadkat
303,2012,Mumbai Indians,AN Ahmed
304,2012,Royal Challengers Bangalore,AB McDonald
305,2014,Mumbai Indians,CM Gautam
306,2019,Delhi Capitals,S Lamichhane
307,2012,Chennai Super Kings,DE Bollinger
308,2018,Delhi Daredevils,GJ Maxwell
309,2009,Kolkata Knight Riders,LR Shukla
310,2010,Deccan Chargers,A Symonds
311,2017,Delhi Daredevils,SV Samson
312,2013,Kolkata Knight Riders,MS Bisla
313,2009,Rajasthan Royals,SM Harwood
314,2011,Chennai Super Kings,M Vijay
315,2017,Kolkata Knight Riders,CR Woakes
316,2008,Kolkata Knight Riders,T Taibu
317,2012,Kolkata Knight Riders,M de Lange
318,2015,Delhi Daredevils,JA Morkel
319,2015,Rajasthan Royals,DJ Hooda
320,2018,Mumbai Indians,Mustafizur Rahman
321,2018,Kings XI Punjab,AD Nath
322,2015,Kolkata Knight Riders,SP Narine
323,2012,Royal Challengers Bangalore,AUK Pathan
324,2011,Kings XI Punjab,P Kumar
325,2016,Delhi Daredevils,Imran Tahir
326,2012,Mumbai Indians,MM Patel
327,2013,Rajasthan Royals,R Dravid
328,2011,Deccan Chargers,DT Christian
329,2011,Deccan Chargers,DW Steyn
330,2008,Kings XI Punjab,S Sohal
331,2014,Rajasthan Royals,Iqbal Abdulla
332,2010,Kolkata Knight Riders,SC Ganguly
333,2011,Kochi Tuskers Kerala,M Muralitharan
334,2014,Kings XI Punjab,CA Pujara
335,2010,Delhi Daredevils,Y Nagar
336,2015,Mumbai Indians,Harbhajan Singh
337,2017,Kolkata Knight Riders,MK Pandey
338,2018,Royal Challengers Bangalore,P Negi
339,2008,Royal Challengers Bangalore,SP Goswami
340,2008,Deccan Chargers,H Das
341,2019,Rajasthan Royals,JD Unadkat
342,2012,Royal Challengers Bangalore,Z Khan
343,2010,Deccan Chargers,VVS Laxman
344,2009,Kolkata Knight Riders,CH Gayle
345,2011,Mumbai Indians,SL Malinga
346,2012,Kolkata Knight Riders,L Balaji
347,2019,Kolkata Knight Riders,S Warrier
348,2018,Chennai Super Kings,F du Plessis
349,2019,Kings XI Punjab,H Brar
350,2018,Kolkata Knight Riders,MG Johnson
351,2009,Kings XI Punjab,TM Srivastava
352,2009,Chennai Super Kings,L Balaji
353,2008,Rajasthan Royals,Niraj Patel
354,2012,Delhi Daredevils,VR Aaron
355,2016,Mumbai Indians,KA Pollard
356,2017,Kings XI Punjab,Anureet Singh
357,2008,Kolkata Knight Riders,LR Shukla
358,2011,Rajasthan Royals,J Botha
359,2008,Kolkata Knight Riders,DJ Hussey
360,2016,Kolkata Knight Riders,CA Lynn
361,2018,Delhi Daredevils,DT Christian
362,2018,Sunrisers Hyderabad,Shakib Al Hasan
363,2016,Royal Challengers Bangalore,S Aravind
364,2011,Delhi Daredevils,AM Salvi
365,2017,Sunrisers Hyderabad,BB Sran
366,2012,Delhi Daredevils,UBT Chand
367,2012,Kings XI Punjab,Azhar Mahmood
368,2018,Kings XI Punjab,M Ur Rahman
369,2019,Kolkata Knight Riders,PP Chawla
370,2019,Kolkata Knight Riders,N Naik
371,2014,Mumbai Indians,JJ Bumrah
372,2009,Chennai Super Kings,S Badrinath
373,2019,Kolkata Knight Riders,P Krishna
374,2013,Chennai Super Kings,DJ Bravo
375,2013,Mumbai Indians,MG Johnson
376,2011,Kings XI Punjab,VS Malik
377,2009,Mumbai Indians,AM Nayar
378,2009,Kolkata Knight Riders,WP Saha
379,2015,Delhi Daredevils,SS Iyer
380,2008,Royal Challengers Bangalore,P Kumar
381,2010,Mumbai Indians,ST Jayasuriya
382,2016,Gujarat Lions,DW Steyn
383,2014,Kolkata Knight Riders,R Vinay Kumar
384,2016,Mumbai Indians,MJ Guptill
385,2008,Royal Challengers Bangalore,B Chipli
386,2015,Kolkata Knight Riders,PJ Cummins
387,2011,Deccan Chargers,MS Gony
388,2018,Delhi Daredevils,S Nadeem
389,2018,Kings XI Punjab,R Ashwin
390,2018,Rajasthan Royals,JC Buttler
391,2010,Rajasthan Royals,Kamran Khan
392,2017,Rising Pune Supergiant,DL Chahar
393,2008,Chennai Super Kings,MS Gony
394,2008,Rajasthan Royals,SK Trivedi
395,2012,Deccan Chargers,KC Sangakkara
396,2018,Rajasthan Royals,D Short
397,2008,Kolkata Knight Riders,I Sharma
398,2017,Mumbai Indians,MG Johnson
399,2015,Rajasthan Royals,CH Morris
400,2011,Mumbai Indians,RG Sharma
401,2010,Rajasthan Royals,AS Raut
402,2009,Royal Challengers Bangalore,JH Kallis
403,2008,Deccan Chargers,DNT Zoysa
404,2014,Delhi Daredevils,R Shukla
405,2019,Chennai Super Kings,AT Rayudu
406,2017,Royal Challengers Bangalore,Sachin Baby
407,2011,Mumbai Indians,AT Rayudu
408,2008,Kings XI Punjab,IK Pathan
409,2017,Kings XI Punjab,KC Cariappa
410,2008,Kings XI Punjab,S Sreesanth
411,2011,Kolkata Knight Riders,MS Bisla
412,2011,Kings XI Punjab,SE Marsh
413,2008,Delhi Daredevils,KD Karthik
414,2008,Kings XI Punjab,Gagandeep Singh
415,2012,Deccan Chargers,A Ashish Reddy
416,2013,Kolkata Knight Riders,S Narwal
417,2011,Royal Challengers Bangalore,S Aravind
418,2016,Rising Pune Supergiants,IK Pathan
419,2010,Kings XI Punjab,VRV Singh
420,2018,Delhi Daredevils,P Shaw
421,2019,Royal Challengers Bangalore,PA Patel
422,2018,Chennai Super Kings,SN Thakur
423,2015,Royal Challengers Bangalore,Iqbal Abdulla
424,2010,Mumbai Indians,SL Malinga
425,2013,Kolkata Knight Riders,SP Narine
426,2012,Royal Challengers Bangalore,P Parameswaran
427,2012,Chennai Super Kings,F du Plessis
428,2012,Royal Challengers Bangalore,RR Bhatkal
429,2019,Mumbai Indians,Q de Kock
430,2017,Mumbai Indians,N Rana
431,2016,Sunrisers Hyderabad,Mustafizur Rahman
432,2016,Gujarat Lions,AJ Finch
433,2018,Sunrisers Hyderabad,S Dhawan
434,2009,Delhi Daredevils,MF Maharoof
435,2012,Mumbai Indians,CJ McKay
436,2019,Mumbai Indians,E Lewis
437,2019,Delhi Capitals,RR Pant
438,2017,Kings XI Punjab,Sandeep Sharma
439,2009,Mumbai Indians,Mohammad Ashraful
440,2009,Mumbai Indians,PR Shah
441,2019,Royal Challengers Bangalore,V Kohli
442,2013,Chennai Super Kings,M Vijay
443,2010,Delhi Daredevils,G Gambhir
444,2012,Delhi Daredevils,LRPL Taylor
445,2009,Chennai Super Kings,MS Gony
446,2018,Chennai Super Kings,DJ Bravo
447,2017,Rising Pune Supergiant,Ankit Sharma
448,2019,Kolkata Knight Riders,L Ferguson
449,2014,Mumbai Indians,M de Lange
450,2019,Royal Challengers Bangalore,P Negi
451,2016,Royal Challengers Bangalore,HV Patel
452,2017,Kings XI Punjab,M Vohra
453,2018,Kings XI Punjab,Yuvraj Singh
454,2013,Mumbai Indians,SR Tendulkar
455,2016,Royal Challengers Bangalore,SN Khan
456,2016,Rising Pune Supergiants,Ankit Sharma
457,2014,Kings XI Punjab,AR Patel
458,2015,Rajasthan Royals,AM Rahane
459,2014,Rajasthan Royals,BJ Hodge
460,2009,Rajasthan Royals,Niraj Patel
461,2019,Rajasthan Royals,R Parag
462,2014,Royal Challengers Bangalore,HV Patel
463,2018,Chennai Super Kings,KM Jadhav
464,2013,Mumbai Indians,JJ Bumrah
465,2012,Kings XI Punjab,SD Chitnis
466,2011,Kochi Tuskers Kerala,R Vinay Kumar
467,2012,Mumbai Indians,PP Ojha
468,2010,Mumbai Indians,SR Tendulkar
469,2013,Pune Warriors,M Manhas
470,2019,Delhi Capitals,S Dhawan
471,2009,Kolkata Knight Riders,MN van Wyk
472,2015,Royal Challengers Bangalore,SA Abbott
473,2019,Delhi Capitals,P Shaw
474,2016,Gujarat Lions,PV Tambe
475,2011,Royal Challengers Bangalore,CK Langeveldt
476,2009,Kolkata Knight Riders,SB Bangar
477,2015,Kings XI Punjab,NLTC Perera
478,2018,Delhi Daredevils,L Plunkett
479,2014,Royal Challengers Bangalore,CH Gayle
480,2009,Rajasthan Royals,RJ Quiney
481,2016,Delhi Daredevils,MA Agarwal
482,2018,Kolkata Knight Riders,CA Lynn
483,2019,Kolkata Knight Riders,R Singh
484,2015,Sunrisers Hyderabad,KV Sharma
485,2013,Rajasthan Royals,JP Faulkner
486,2014,Kolkata Knight Riders,G Gambhir
487,2010,Chennai Super Kings,S Badrinath
488,2010,Rajasthan Royals,AD Mascarenhas
489,2009,Chennai Super Kings,PA Patel
490,2018,Sunrisers Hyderabad,Basil Thampi
491,2008,Delhi Daredevils,V Sehwag
492,2009,Delhi Daredevils,DP Nannes
493,2009,Kings XI Punjab,RR Powar
494,2008,Royal Challengers Bangalore,LRPL Taylor
495,2013,Mumbai Indians,SL Malinga
496,2016,Rising Pune Supergiants,R Bhatia
497,2017,Mumbai Indians,KV Sharma
498,2018,Delhi Daredevils,TA Boult
499,2009,Royal Challengers Bangalore,D du Preez
500,2010,Delhi Daredevils,KM Jadhav
501,2011,Royal Challengers Bangalore,M Kaif
502,2012,Rajasthan Royals,OA Shah
503,2015,Kolkata Knight Riders,MK Pandey
504,2013,Kolkata Knight Riders,Mohammed Shami
505,2011,Chennai Super Kings,SB Styris
506,2014,Mumbai Indians,BR Dunk
507,2011,Chennai Super Kings,Joginder Sharma
508,2008,Mumbai Indians,SD Chitnis
509,2017,Gujarat Lions,Ishan Kishan
510,2008,Mumbai Indians,DS Kulkarni
511,2009,Mumbai Indians,ST Jayasuriya
512,2012,Kolkata Knight Riders,DB Das
513,2018,Delhi Daredevils,V Shankar
514,2019,Kolkata Knight Riders,KC Cariappa
515,2015,Kings XI Punjab,AR Patel
516,2018,Kolkata Knight Riders,RV Uthappa
517,2009,Delhi Daredevils,KD Karthik
518,2014,Mumbai Indians,MEK Hussey
519,2017,Kings XI Punjab,I Sharma
520,2017,Rising Pune Supergiant,JD Unadkat
521,2013,Kings XI Punjab,P Kumar
522,2017,Sunrisers Hyderabad,Rashid Khan
523,2013,Royal Challengers Bangalore,MC Henriques
524,2011,Royal Challengers Bangalore,AB de Villiers
525,2009,Deccan Chargers,RJ Harris
526,2015,Mumbai Indians,HH Pandya
527,2012,Royal Challengers Bangalore,SS Tiwary
528,2010,Chennai Super Kings,M Muralitharan
529,2011,Pune Warriors,S Rana
530,2013,Pune Warriors,MR Marsh
531,2015,Chennai Super Kings,R Ashwin
532,2013,Kings XI Punjab,PP Chawla
533,2019,Chennai Super Kings,SN Thakur
534,2019,Rajasthan Royals,J Archer
535,2012,Pune Warriors,M Manhas
536,2017,Rising Pune Supergiant,A Zampa
537,2008,Kings XI Punjab,JR Hopes
538,2010,Rajasthan Royals,GC Smith
539,2011,Rajasthan Royals,PR Shah
540,2012,Pune Warriors,MD Mishra
541,2014,Chennai Super Kings,SK Raina
542,2017,Kolkata Knight Riders,NM Coulter-Nile
543,2012,Deccan Chargers,J Theron
544,2014,Mumbai Indians,PP Ojha
545,2015,Rajasthan Royals,DS Kulkarni
546,2016,Rising Pune Supergiants,A Zampa
547,2010,Deccan Chargers,PP Ojha
548,2016,Kings XI Punjab,DA Miller
549,2013,Kings XI Punjab,Harmeet Singh
550,2015,Mumbai Indians,RG Sharma
551,2011,Pune Warriors,JP Faulkner
552,2019,Chennai Super Kings,SR Watson
553,2010,Chennai Super Kings,MS Gony
554,2008,Royal Challengers Bangalore,R Vinay Kumar
555,2016,Royal Challengers Bangalore,CJ Jordan
556,2019,Kings XI Punjab,CH Gayle
557,2016,Sunrisers Hyderabad,AP Tare
558,2009,Kings XI Punjab,VRV Singh
559,2018,Royal Challengers Bangalore,M Ashwin
560,2010,Deccan Chargers,R Sharma
561,2015,Chennai Super Kings,RG More
562,2014,Kings XI Punjab,SE Marsh
563,2016,Sunrisers Hyderabad,KS Williamson
564,2016,Mumbai Indians,HH Pandya
565,2010,Rajasthan Royals,P Dogra
566,2014,Mumbai Indians,K Santokie
567,2014,Sunrisers Hyderabad,S Anirudha
568,2019,Kings XI Punjab,SN Khan
569,2018,Sunrisers Hyderabad,K Ahmed
570,2018,Sunrisers Hyderabad,YK Pathan
571,2015,Royal Challengers Bangalore,AB de Villiers
572,2009,Delhi Daredevils,MK Tiwary
573,2010,Mumbai Indians,C Madan
574,2008,Rajasthan Royals,SK Warne
575,2014,Sunrisers Hyderabad,KL Rahul
576,2013,Mumbai Indians,AT Rayudu
577,2016,Rising Pune Supergiants,MS Dhoni
578,2015,Rajasthan Royals,KK Nair
579,2016,Rising Pune Supergiants,RP Singh
580,2012,Delhi Daredevils,Y Nagar
581,2008,Chennai Super Kings,P Amarnath
582,2010,Mumbai Indians,AM Nayar
583,2017,Kolkata Knight Riders,Shakib Al Hasan
584,2017,Rising Pune Supergiant,LH Ferguson
585,2017,Kolkata Knight Riders,C de Grandhomme
586,2010,Delhi Daredevils,UT Yadav
587,2010,Delhi Daredevils,R Bhatia
588,2019,Sunrisers Hyderabad,DA Warner
589,2010,Deccan Chargers,Harmeet Singh
590,2013,Pune Warriors,AJ Finch
591,2018,Chennai Super Kings,DL Chahar
592,2012,Mumbai Indians,RJ Peterson
593,2016,Sunrisers Hyderabad,TA Boult
594,2010,Kolkata Knight Riders,MB Parmar
595,2013,Pune Warriors,TL Suman
596,2015,Rajasthan Royals,R Tewatia
597,2017,Royal Challengers Bangalore,Avesh Khan
598,2011,Kings XI Punjab,R McLaren
599,2012,Rajasthan Royals,GB Hogg
600,2008,Rajasthan Royals,Kamran Akmal
601,2019,Kings XI Punjab,N Pooran
602,2013,Royal Challengers Bangalore,JD Unadkat
603,2014,Sunrisers Hyderabad,DJG Sammy
604,2011,Rajasthan Royals,SR Watson
605,2012,Rajasthan Royals,AL Menaria
606,2009,Mumbai Indians,Z Khan
607,2019,Sunrisers Hyderabad,MJ Guptill
608,2018,Rajasthan Royals,JD Unadkat
609,2018,Sunrisers Hyderabad,CJ Jordan
610,2015,Kolkata Knight Riders,RV Uthappa
611,2019,Sunrisers Hyderabad,J Bairstow
612,2018,Delhi Daredevils,NV Ojha
613,2015,Kings XI Punjab,SE Marsh
614,2011,Kolkata Knight Riders,JD Unadkat
615,2013,Sunrisers Hyderabad,NLTC Perera
616,2013,Royal Challengers Bangalore,M Kartik
617,2017,Kolkata Knight Riders,Kuldeep Yadav
618,2009,Delhi Daredevils,PJ Sangwan
619,2012,Pune Warriors,LJ Wright
620,2008,Kolkata Knight Riders,A Chopra
621,2019,Delhi Capitals,A Mishra
622,2018,Delhi Daredevils,Avesh Khan
623,2010,Royal Challengers Bangalore,SP Goswami
624,2008,Kolkata Knight Riders,M Kartik
625,2017,Kolkata Knight Riders,AS Rajpoot
626,2008,Rajasthan Royals,D Salunkhe
627,2009,Kolkata Knight Riders,SC Ganguly
628,2016,Sunrisers Hyderabad,A Ashish Reddy
629,2012,Delhi Daredevils,AB Agarkar
630,2012,Kolkata Knight Riders,MK Tiwary
631,2018,Kolkata Knight Riders,T Curran
632,2016,Delhi Daredevils,SW Billings
633,2017,Gujarat Lions,AJ Finch
634,2010,Deccan Chargers,WPUJC Vaas
635,2019,Mumbai Indians,RD Chahar
636,2010,Chennai Super Kings,L Balaji
637,2017,Rising Pune Supergiant,F du Plessis
638,2010,Chennai Super Kings,C Ganapathy
639,2013,Mumbai Indians,NM Coulter-Nile
640,2015,Kolkata Knight Riders,GB Hogg
641,2012,Chennai Super Kings,DJ Bravo
642,2015,Chennai Super Kings,IC Pandey
643,2009,Royal Challengers Bangalore,DW Steyn
644,2011,Delhi Daredevils,UT Yadav
645,2018,Kings XI Punjab,CH Gayle
646,2018,Delhi Daredevils,Mohammed Shami
647,2018,Chennai Super Kings,SR Watson
648,2010,Delhi Daredevils,TM Dilshan
649,2010,Rajasthan Royals,DR Martyn
650,2012,Kings XI Punjab,DA Miller
651,2016,Delhi Daredevils,Mohammed Shami
652,2015,Delhi Daredevils,KM Jadhav
653,2014,Kolkata Knight Riders,SP Narine
654,2011,Pune Warriors,MD Mishra
655,2010,Mumbai Indians,R Sathish
656,2017,Kings XI Punjab,DA Miller
657,2010,Royal Challengers Bangalore,KP Pietersen
658,2013,Sunrisers Hyderabad,Q de Kock
659,2008,Kings XI Punjab,B Lee
660,2009,Delhi Daredevils,DA Warner
661,2018,Rajasthan Royals,Ankit Sharma
662,2010,Royal Challengers Bangalore,RV Uthappa
663,2017,Gujarat Lions,SS Agarwal
664,2008,Deccan Chargers,D Kalyankrishna
665,2016,Mumbai Indians,MJ McClenaghan
666,2010,Delhi Daredevils,DL Vettori
667,2013,Mumbai Indians,RT Ponting
668,2010,Rajasthan Royals,MM Patel
669,2014,Rajasthan Royals,DH Yagnik
670,2010,Kolkata Knight Riders,SE Bond
671,2010,Rajasthan Royals,AC Voges
672,2017,Royal Challengers Bangalore,A Choudhary
673,2017,Kings XI Punjab,HM Amla
674,2009,Mumbai Indians,DS Kulkarni
675,2011,Kolkata Knight Riders,G Gambhir
676,2016,Delhi Daredevils,KK Nair
677,2019,Sunrisers Hyderabad,KS Williamson
678,2011,Deccan Chargers,Anand Rajan
679,2014,Delhi Daredevils,WD Parnell
680,2019,Delhi Capitals,C Munro
681,2008,Mumbai Indians,SM Pollock
682,2013,Pune Warriors,LJ Wright
683,2015,Sunrisers Hyderabad,I Sharma
684,2013,Rajasthan Royals,MDKJ Perera
685,2012,Pune Warriors,CJ Ferguson
686,2013,Kings XI Punjab,R Sathish
687,2019,Mumbai Indians,A Roy
688,2008,Chennai Super Kings,MEK Hussey
689,2015,Rajasthan Royals,J Theron
690,2019,Kings XI Punjab,S Singh
691,2009,Delhi Daredevils,VY Mahesh
692,2012,Pune Warriors,K Upadhyay
693,2017,Royal Challengers Bangalore,P Negi
694,2008,Deccan Chargers,SB Bangar
695,2013,Kings XI Punjab,AD Mascarenhas
696,2015,Mumbai Indians,M de Lange
697,2015,Kings XI Punjab,WP Saha
698,2014,Kolkata Knight Riders,PP Chawla
699,2014,Mumbai Indians,AP Tare
700,2015,Sunrisers Hyderabad,RS Bopara
701,2019,Delhi Capitals,HV Patel
702,2013,Mumbai Indians,MM Patel
703,2010,Rajasthan Royals,A Uniyal
704,2009,Mumbai Indians,L Ronchi
705,2017,Rising Pune Supergiant,AM Rahane
706,2011,Deccan Chargers,S Dhawan
707,2012,Rajasthan Royals,A Singh
708,2009,Royal Challengers Bangalore,A Kumble
709,2011,Pune Warriors,MR Marsh
710,2010,Kings XI Punjab,YA Abdulla
711,2010,Kings XI Punjab,DPMD Jayawardene
712,2012,Kings XI Punjab,DJ Hussey
713,2014,Delhi Daredevils,R Sharma
714,2009,Kings XI Punjab,DPMD Jayawardene
715,2016,Mumbai Indians,JJ Bumrah
716,2010,Rajasthan Royals,NV Ojha
717,2015,Sunrisers Hyderabad,A Ashish Reddy
718,2011,Delhi Daredevils,AB Agarkar
719,2015,Mumbai Indians,S Gopal
720,2019,Royal Challengers Bangalore,S Dube
721,2014,Chennai Super Kings,DJ Bravo
722,2009,Kings XI Punjab,K Goel
723,2018,Sunrisers Hyderabad,DJ Hooda
724,2013,Kolkata Knight Riders,Iqbal Abdulla
725,2008,Rajasthan Royals,YK Pathan
726,2012,Pune Warriors,B Kumar
727,2010,Kolkata Knight Riders,AB Agarkar
728,2014,Rajasthan Royals,UBT Chand
729,2018,Kings XI Punjab,BB Sran
730,2008,Kings XI Punjab,PP Chawla
731,2016,Rising Pune Supergiants,M Ashwin
732,2019,Rajasthan Royals,S Gopal
733,2013,Rajasthan Royals,GB Hogg
734,2016,Rising Pune Supergiants,I Sharma
735,2012,Mumbai Indians,AC Blizzard
736,2017,Delhi Daredevils,AD Mathews
737,2011,Rajasthan Royals,SK Warne
738,2008,Kings XI Punjab,SM Katich
739,2017,Gujarat Lions,AJ Tye
740,2011,Pune Warriors,R Sharma
741,2009,Mumbai Indians,AM Rahane
742,2013,Pune Warriors,AG Murtaza
743,2018,Delhi Daredevils,HV Patel
744,2009,Kings XI Punjab,VS Malik
745,2017,Mumbai Indians,LMP Simmons
746,2018,Rajasthan Royals,H Klaasen
747,2010,Chennai Super Kings,MS Dhoni
748,2010,Kolkata Knight Riders,DJ Hussey
749,2017,Mumbai Indians,KA Pollard
750,2017,Kings XI Punjab,MJ Henry
751,2016,Mumbai Indians,LMP Simmons
752,2015,Delhi Daredevils,MK Tiwary
753,2011,Rajasthan Royals,STR Binny
754,2008,Deccan Chargers,DP Vijaykumar
755,2015,Mumbai Indians,PP Ojha
756,2018,Delhi Daredevils,RR Pant
757,2019,Royal Challengers Bangalore,TG Southee
758,2012,Mumbai Indians,DJ Jacobs
759,2014,Kings XI Punjab,DA Miller
760,2012,Kings XI Punjab,RR Powar
761,2017,Rising Pune Supergiant,MS Dhoni
762,2016,Kings XI Punjab,AR Patel
763,2012,Pune Warriors,AD Mathews
764,2008,Mumbai Indians,RV Uthappa
765,2018,Royal Challengers Bangalore,SN Khan
766,2009,Rajasthan Royals,J Botha
767,2014,Rajasthan Royals,Ankit Sharma
768,2015,Royal Challengers Bangalore,KD Karthik
769,2014,Kolkata Knight Riders,RV Uthappa
770,2011,Chennai Super Kings,TG Southee
771,2013,Rajasthan Royals,VS Malik
772,2011,Mumbai Indians,RW Price
773,2017,Delhi Daredevils,RR Pant
774,2016,Rising Pune Supergiants,SS Tiwary
775,2013,Royal Challengers Bangalore,AB de Villiers
776,2012,Rajasthan Royals,A Chandila
777,2017,Delhi Daredevils,AP Tare
778,2008,Royal Challengers Bangalore,W Jaffer
779,2011,Kings XI Punjab,L Ablish
780,2019,Chennai Super Kings,DJ Bravo
781,2014,Mumbai Indians,CJ Anderson
782,2009,Delhi Daredevils,G Gambhir
783,2013,Delhi Daredevils,RE van der Merwe
784,2009,Chennai Super Kings,MS Dhoni
785,2008,Rajasthan Royals,RA Jadeja
786,2008,Mumbai Indians,MA Khote
787,2010,Kings XI Punjab,SJ Srivastava
788,2010,Deccan Chargers,Jaskaran Singh
789,2011,Deccan Chargers,A Mishra
790,2014,Royal Challengers Bangalore,S Rana
791,2019,Kings XI Punjab,R Ashwin
792,2019,Kolkata Knight Riders,CR Brathwaite
793,2014,Rajasthan Royals,KW Richardson
794,2013,Pune Warriors,SPD Smith
795,2015,Rajasthan Royals,SPD Smith
796,2012,Kings XI Punjab,RJ Harris
797,2013,Delhi Daredevils,CM Gautam
798,2018,Delhi Daredevils,C Munro
799,2009,Kolkata Knight Riders,DJ Hussey
800,2014,Rajasthan Royals,SV Samson
801,2016,Sunrisers Hyderabad,BCJ Cutting
802,2012,Pune Warriors,RV Uthappa
803,2018,Sunrisers Hyderabad,SP Goswami
804,2013,Delhi Daredevils,BMAJ Mendis
805,2019,Chennai Super Kings,M Vijay
806,2010,Royal Challengers Bangalore,S Sriram
807,2011,Kings XI Punjab,RJ Harris
808,2013,Kolkata Knight Riders,S Ladda
809,2019,Kings XI Punjab,S Curran
810,2012,Deccan Chargers,TP Sudhindra
811,2014,Delhi Daredevils,LRPL Taylor
812,2014,Chennai Super Kings,DR Smith
813,2014,Royal Challengers Bangalore,MA Starc
814,2011,Pune Warriors,AA Jhunjhunwala
815,2012,Mumbai Indians,KA Pollard
816,2015,Rajasthan Royals,PV Tambe
817,2015,Royal Challengers Bangalore,AN Ahmed
818,2015,Kings XI Punjab,V Sehwag
819,2016,Delhi Daredevils,Z Khan
820,2008,Kings XI Punjab,U Kaul
821,2013,Pune Warriors,AM Nayar
822,2017,Delhi Daredevils,A Mishra
823,2018,Sunrisers Hyderabad,Mohammad Nabi
824,2009,Kolkata Knight Riders,SS Shaikh
825,2019,Mumbai Indians,SD Lad
826,2009,Royal Challengers Bangalore,A Mithun
827,2018,Sunrisers Hyderabad,A Hales
828,2018,Royal Challengers Bangalore,UT Yadav
829,2019,Delhi Capitals,S Rutherford
830,2010,Mumbai Indians,Z Khan
831,2017,Rising Pune Supergiant,RD Chahar
832,2019,Sunrisers Hyderabad,DJ Hooda
833,2019,Delhi Capitals,SS Iyer
834,2012,Delhi Daredevils,P Negi
835,2011,Delhi Daredevils,JR Hopes
836,2019,Rajasthan Royals,JC Buttler
837,2012,Royal Challengers Bangalore,M Muralitharan
838,2015,Mumbai Indians,KA Pollard
839,2016,Mumbai Indians,AT Rayudu
840,2012,Royal Challengers Bangalore,CH Gayle
841,2013,Delhi Daredevils,UT Yadav
842,2017,Mumbai Indians,HH Pandya
843,2013,Mumbai Indians,DR Smith
844,2015,Sunrisers Hyderabad,DA Warner
845,2011,Kings XI Punjab,DJ Hussey
846,2011,Mumbai Indians,Harbhajan Singh
847,2011,Kochi Tuskers Kerala,Y Gnaneswara Rao
848,2013,Kolkata Knight Riders,LR Shukla
849,2016,Kolkata Knight Riders,JD Unadkat
850,2012,Kolkata Knight Riders,B Lee
851,2011,Delhi Daredevils,Y Nagar
852,2010,Mumbai Indians,DS Kulkarni
853,2019,Royal Challengers Bangalore,K Khejroliya
854,2013,Kings XI Punjab,Azhar Mahmood
855,2008,Kolkata Knight Riders,Mohammad Hafeez
856,2008,Rajasthan Royals,AD Mascarenhas
857,2015,Kolkata Knight Riders,J Botha
858,2008,Delhi Daredevils,PJ Sangwan
859,2012,Royal Challengers Bangalore,HV Patel
860,2012,Royal Challengers Bangalore,A Mithun
861,2009,Kolkata Knight Riders,BJ Hodge
862,2014,Sunrisers Hyderabad,A Mishra
863,2012,Kings XI Punjab,Mandeep Singh
864,2014,Royal Challengers Bangalore,YV Takawale
865,2018,Sunrisers Hyderabad,R Bhui
866,2011,Rajasthan Royals,AS Raut
867,2013,Rajasthan Royals,SV Samson
868,2013,Pune Warriors,RV Uthappa
869,2019,Mumbai Indians,KH Pandya
870,2018,Kolkata Knight Riders,PP Chawla
871,2010,Kings XI Punjab,Yuvraj Singh
872,2008,Chennai Super Kings,M Ntini
873,2011,Kochi Tuskers Kerala,PA Patel
874,2008,Rajasthan Royals,T Kohli
875,2013,Royal Challengers Bangalore,A Mukund
876,2017,Rising Pune Supergiant,SPD Smith
877,2019,Sunrisers Hyderabad,MK Pandey
878,2014,Mumbai Indians,SL Malinga
879,2012,Pune Warriors,AP Majumdar
880,2010,Delhi Daredevils,A Nehra
881,2017,Gujarat Lions,AD Nath
882,2019,Chennai Super Kings,DL Chahar
883,2011,Deccan Chargers,S Sohal
884,2019,Mumbai Indians,MJ McClenaghan
885,2011,Delhi Daredevils,M Morkel
886,2019,Sunrisers Hyderabad,YK Pathan
887,2010,Delhi Daredevils,PJ Sangwan
888,2010,Chennai Super Kings,DE Bollinger
889,2012,Kings XI Punjab,PP Chawla
890,2017,Royal Challengers Bangalore,Iqbal Abdulla
891,2013,Rajasthan Royals,SW Tait
892,2018,Rajasthan Royals,J Archer
893,2008,Delhi Daredevils,MK Tiwary
894,2009,Rajasthan Royals,SA Asnodkar
895,2018,Royal Challengers Bangalore,CJ Anderson
896,2017,Gujarat Lions,MM Patel
897,2012,Deccan Chargers,PA Reddy
898,2011,Mumbai Indians,A Symonds
899,2016,Kolkata Knight Riders,RV Uthappa
900,2013,Sunrisers Hyderabad,GH Vihari
901,2010,Rajasthan Royals,SW Tait
902,2011,Deccan Chargers,PP Ojha
903,2011,Rajasthan Royals,FY Fazal
904,2011,Delhi Daredevils,DA Warner
905,2012,Delhi Daredevils,GJ Maxwell
906,2012,Pune Warriors,MK Pandey
907,2013,Royal Challengers Bangalore,AB McDonald
908,2011,Delhi Daredevils,S Sriram
909,2014,Kings XI Punjab,Karanveer Singh
910,2019,Rajasthan Royals,BA Stokes
911,2017,Gujarat Lions,JP Faulkner
912,2009,Deccan Chargers,RP Singh
913,2011,Royal Challengers Bangalore,R Ninan
914,2011,Pune Warriors,M Manhas
915,2013,Royal Challengers Bangalore,SS Tiwary
916,2019,Royal Challengers Bangalore,AB de Villiers
917,2019,Mumbai Indians,J Yadav
918,2010,Chennai Super Kings,PA Patel
919,2010,Chennai Super Kings,S Anirudha
920,2018,Kolkata Knight Riders,KD Karthik
921,2008,Chennai Super Kings,ML Hayden
922,2015,Royal Challengers Bangalore,MS Bisla
923,2016,Delhi Daredevils,CR Brathwaite
924,2008,Chennai Super Kings,CK Kapugedera
925,2014,Sunrisers Hyderabad,JO Holder
926,2016,Royal Challengers Bangalore,D Wiese
927,2012,Kolkata Knight Riders,PJ Sangwan
928,2014,Sunrisers Hyderabad,KV Sharma
929,2018,Sunrisers Hyderabad,S Kaul
930,2013,Delhi Daredevils,V Sehwag
931,2011,Kolkata Knight Riders,LR Shukla
932,2019,Kings XI Punjab,M Ashwin
933,2011,Royal Challengers Bangalore,SS Tiwary
934,2011,Delhi Daredevils,AB McDonald
935,2018,Mumbai Indians,Ishan Kishan
936,2009,Deccan Chargers,AC Gilchrist
937,2008,Chennai Super Kings,SP Fleming
938,2018,Royal Challengers Bangalore,M Vohra
939,2009,Kolkata Knight Riders,I Sharma
940,2008,Chennai Super Kings,A Mukund
941,2012,Rajasthan Royals,KK Cooper
942,2010,Delhi Daredevils,DP Nannes
943,2012,Kings XI Punjab,SE Marsh
944,2008,Deccan Chargers,DB Ravi Teja
945,2018,Rajasthan Royals,S Gopal
946,2013,Mumbai Indians,AP Tare
947,2010,Rajasthan Royals,AA Jhunjhunwala
948,2009,Kings XI Punjab,KC Sangakkara
949,2019,Rajasthan Royals,STR Binny
950,2017,Kolkata Knight Riders,SA Yadav
951,2018,Royal Challengers Bangalore,Mandeep Singh
952,2016,Kings XI Punjab,MG Johnson
953,2016,Kings XI Punjab,R Dhawan
954,2009,Mumbai Indians,SR Tendulkar
955,2017,Sunrisers Hyderabad,MC Henriques
956,2015,Kolkata Knight Riders,KC Cariappa
957,2010,Kings XI Punjab,RS Bopara
958,2012,Mumbai Indians,NLTC Perera
959,2008,Royal Challengers Bangalore,SB Joshi
960,2009,Delhi Daredevils,V Sehwag
961,2019,Royal Challengers Bangalore,S Hetmyer
962,2019,Delhi Capitals,CH Morris
963,2013,Pune Warriors,MK Pandey
964,2013,Royal Challengers Bangalore,J Syed Mohammad
965,2008,Deccan Chargers,AC Gilchrist
966,2011,Pune Warriors,WD Parnell
967,2013,Delhi Daredevils,BJ Rohrer
968,2008,Rajasthan Royals,DS Lehmann
969,2018,Mumbai Indians,KH Pandya
970,2009,Rajasthan Royals,A Singh
971,2013,Sunrisers Hyderabad,I Sharma
972,2014,Royal Challengers Bangalore,YS Chahal
973,2016,Kolkata Knight Riders,PP Chawla
974,2018,Delhi Daredevils,G Gambhir
975,2016,Mumbai Indians,J Suchith
976,2014,Chennai Super Kings,IC Pandey
977,2013,Delhi Daredevils,NV Ojha
978,2013,Royal Challengers Bangalore,R Vinay Kumar
979,2019,Rajasthan Royals,DS Kulkarni
980,2008,Kolkata Knight Riders,RT Ponting
981,2012,Royal Challengers Bangalore,V Kohli
982,2015,Sunrisers Hyderabad,Bipul Sharma
983,2019,Chennai Super Kings,KM Jadhav
984,2015,Delhi Daredevils,CM Gautam
985,2011,Royal Challengers Bangalore,J Syed Mohammad
986,2012,Rajasthan Royals,R Dravid
987,2013,Sunrisers Hyderabad,Ankit Sharma
988,2014,Sunrisers Hyderabad,S Dhawan
989,2013,Delhi Daredevils,A Nehra
990,2008,Mumbai Indians,SR Tendulkar
991,2009,Royal Challengers Bangalore,KP Appanna
992,2009,Kings XI Punjab,LA Pomersbach
993,2009,Kings XI Punjab,WA Mota
994,2015,Sunrisers Hyderabad,P Kumar
995,2011,Kings XI Punjab,SD Chitnis
996,2011,Kochi Tuskers Kerala,KM Jadhav
997,2013,Kings XI Punjab,BA Bhatt
998,2014,Sunrisers Hyderabad,I Sharma
999,2018,Mumbai Indians,A Dananjaya
1000,2009,Royal Challengers Bangalore,KP Pietersen
1001,2012,Deccan Chargers,DJ Harris
1002,2013,Pune Warriors,AB Dinda
1003,2014,Kings XI Punjab,L Balaji
1004,2019,Sunrisers Hyderabad,Basil Thampi
1005,2013,Chennai Super Kings,DP Nannes
1006,2010,Kings XI Punjab,VS Malik
1007,2014,Mumbai Indians,LMP Simmons
1008,2008,Rajasthan Royals,Sohail Tanvir
1009,2009,Chennai Super Kings,M Muralitharan
1010,2008,Rajasthan Royals,MM Patel
1011,2018,Delhi Daredevils,Ankit Sharma
1012,2011,Rajasthan Royals,JDP Oram
1013,2014,Kolkata Knight Riders,MS Bisla
1014,2013,Mumbai Indians,AN Ahmed
1015,2016,Rising Pune Supergiants,SPD Smith
1016,2011,Royal Challengers Bangalore,LA Pomersbach
1017,2016,Kolkata Knight Riders,SP Narine
1018,2015,Mumbai Indians,CJ Anderson
1019,2016,Kings XI Punjab,M Vohra
1020,2010,Deccan Chargers,B Sumanth
1021,2011,Delhi Daredevils,V Sehwag
1022,2010,Delhi Daredevils,M Manhas
1023,2015,Mumbai Indians,J Suchith
1024,2018,Kings XI Punjab,MM Sharma
1025,2008,Deccan Chargers,AS Yadav
1026,2014,Delhi Daredevils,JP Duminy
1027,2019,Royal Challengers Bangalore,DW Steyn
1028,2009,Mumbai Indians,RR Raje
1029,2012,Pune Warriors,JD Ryder
1030,2011,Deccan Chargers,I Sharma
1031,2011,Pune Warriors,SB Wagh
1032,2019,Royal Challengers Bangalore,P R Barman
1033,2008,Royal Challengers Bangalore,R Dravid
1034,2012,Rajasthan Royals,BJ Hodge
1035,2019,Royal Challengers Bangalore,MP Stoinis
1036,2016,Kings XI Punjab,HM Amla
1037,2013,Delhi Daredevils,MC Juneja
1038,2018,Chennai Super Kings,D Shorey
1039,2017,Delhi Daredevils,CH Morris
1040,2011,Mumbai Indians,TL Suman
1041,2012,Kings XI Punjab,Gurkeerat Singh
1042,2018,Chennai Super Kings,AT Rayudu
1043,2016,Gujarat Lions,KD Karthik
1044,2012,Kolkata Knight Riders,Iqbal Abdulla
1045,2009,Kolkata Knight Riders,A Chopra
1046,2011,Rajasthan Royals,AA Chavan
1047,2015,Mumbai Indians,AP Tare
1048,2012,Kings XI Punjab,P Dogra
1049,2012,Mumbai Indians,SA Yadav
1050,2016,Gujarat Lions,ER Dwivedi
1051,2018,Mumbai Indians,AS Yadav
1052,2018,Rajasthan Royals,P Chopra
1053,2015,Kolkata Knight Riders,AD Russell
1054,2015,Mumbai Indians,AJ Finch
1055,2008,Royal Challengers Bangalore,MV Boucher
1056,2016,Mumbai Indians,TG Southee
1057,2009,Royal Challengers Bangalore,JD Ryder
1058,2013,Rajasthan Royals,AM Rahane
1059,2008,Deccan Chargers,RP Singh
1060,2015,Sunrisers Hyderabad,S Dhawan
1061,2009,Royal Challengers Bangalore,MK Pandey
1062,2012,Rajasthan Royals,SK Trivedi
1063,2009,Royal Challengers Bangalore,R Dravid
1064,2008,Delhi Daredevils,TM Dilshan
1065,2009,Deccan Chargers,Jaskaran Singh
1066,2013,Royal Challengers Bangalore,MA Agarwal
1067,2019,Rajasthan Royals,S Midhun
1068,2011,Royal Challengers Bangalore,JJ van der Wath
1069,2008,Chennai Super Kings,S Anirudha
1070,2013,Rajasthan Royals,SK Trivedi
1071,2015,Royal Challengers Bangalore,Mandeep Singh
1072,2010,Royal Challengers Bangalore,ND Doshi
1073,2018,Chennai Super Kings,D Willey
1074,2012,Kings XI Punjab,Harmeet Singh
1075,2019,Kings XI Punjab,H Viljoen
1076,2013,Chennai Super Kings,AS Rajpoot
1077,2017,Kings XI Punjab,GJ Maxwell
1078,2016,Rising Pune Supergiants,SM Boland
1079,2015,Chennai Super Kings,DJ Bravo
1080,2010,Kings XI Punjab,MS Bisla
1081,2010,Kolkata Knight Riders,CH Gayle
1082,2012,Deccan Chargers,CL White
1083,2014,Chennai Super Kings,M Manhas
1084,2009,Royal Challengers Bangalore,MV Boucher
1085,2010,Rajasthan Royals,M Morkel
1086,2014,Kings XI Punjab,Sandeep Sharma
1087,2017,Sunrisers Hyderabad,KS Williamson
1088,2012,Deccan Chargers,IR Jaggi
1089,2010,Kings XI Punjab,KC Sangakkara
1090,2019,Chennai Super Kings,F du Plessis
1091,2011,Delhi Daredevils,RE van der Merwe
1092,2015,Kings XI Punjab,M Vohra
1093,2014,Sunrisers Hyderabad,B Kumar
1094,2010,Delhi Daredevils,VY Mahesh
1095,2017,Delhi Daredevils,K Rabada
1096,2011,Kolkata Knight Riders,Iqbal Abdulla
1097,2016,Kings XI Punjab,KC Cariappa
1098,2014,Chennai Super Kings,P Negi
1099,2009,Kings XI Punjab,RS Bopara
1100,2012,Kolkata Knight Riders,Shakib Al Hasan
1101,2016,Royal Challengers Bangalore,TM Head
1102,2019,Rajasthan Royals,I Sodhi
1103,2013,Kolkata Knight Riders,G Gambhir
1104,2014,Kings XI Punjab,MG Johnson
1105,2012,Chennai Super Kings,KMDN Kulasekara
1106,2012,Royal Challengers Bangalore,S Aravind
1107,2017,Delhi Daredevils,J Yadav
1108,2008,Kolkata Knight Riders,BB McCullum
1109,2008,Kolkata Knight Riders,AB Agarkar
1110,2019,Kings XI Punjab,M Ur Rahman
1111,2015,Rajasthan Royals,TG Southee
1112,2018,Kings XI Punjab,MK Tiwary
1113,2009,Deccan Chargers,RG Sharma
1114,2014,Sunrisers Hyderabad,NV Ojha
1115,2011,Royal Challengers Bangalore,Z Khan
1116,2012,Deccan Chargers,DT Christian
1117,2016,Gujarat Lions,S Kaushik
1118,2013,Chennai Super Kings,S Anirudha
1119,2009,Rajasthan Royals,GC Smith
1120,2013,Royal Challengers Bangalore,DT Christian
1121,2016,Delhi Daredevils,A Mishra
1122,2009,Delhi Daredevils,M Manhas
1123,2019,Kolkata Knight Riders,P Raj
1124,2011,Deccan Chargers,Harmeet Singh
1125,2009,Royal Challengers Bangalore,R Bishnoi
1126,2008,Mumbai Indians,DJ Bravo
1127,2009,Kings XI Punjab,T Kohli
1128,2012,Kings XI Punjab,P Kumar
1129,2018,Delhi Daredevils,JJ Roy
1130,2016,Kolkata Knight Riders,M Morkel
1131,2019,Kolkata Knight Riders,Kuldeep Yadav
1132,2008,Delhi Daredevils,G Gambhir
1133,2019,Rajasthan Royals,RA Tripathi
1134,2012,Chennai Super Kings,SB Jakati
1135,2011,Rajasthan Royals,A Singh
1136,2013,Kolkata Knight Riders,PJ Sangwan
1137,2009,Chennai Super Kings,GJ Bailey
1138,2016,Delhi Daredevils,SS Iyer
1139,2013,Royal Challengers Bangalore,Z Khan
1140,2012,Deccan Chargers,DW Steyn
1141,2014,Kings XI Punjab,P Awana
1142,2018,Royal Challengers Bangalore,BB McCullum
1143,2013,Chennai Super Kings,JO Holder
1144,2010,Chennai Super Kings,NLTC Perera
1145,2017,Royal Challengers Bangalore,AB de Villiers
1146,2008,Deccan Chargers,VVS Laxman
1147,2011,Pune Warriors,SC Ganguly
1148,2013,Kolkata Knight Riders,DB Das
1149,2017,Rising Pune Supergiant,MA Agarwal
1150,2018,Royal Challengers Bangalore,Q de Kock
1151,2017,Gujarat Lions,IK Pathan
1152,2011,Mumbai Indians,JEC Franklin
1153,2010,Kolkata Knight Riders,Mandeep Singh
1154,2010,Royal Challengers Bangalore,P Kumar
1155,2012,Pune Warriors,R Sharma
1156,2011,Delhi Daredevils,CA Ingram
1157,2016,Mumbai Indians,UBT Chand
1158,2018,Kolkata Knight Riders,R Vinay Kumar
1159,2008,Deccan Chargers,LPC Silva
1160,2012,Chennai Super Kings,JA Morkel
1161,2013,Pune Warriors,BAW Mendis
1162,2009,Rajasthan Royals,NV Ojha
1163,2009,Kings XI Punjab,RR Bose
1164,2019,Kings XI Punjab,KL Rahul
1165,2011,Kings XI Punjab,AC Gilchrist
1166,2013,Mumbai Indians,DS Kulkarni
1167,2012,Royal Challengers Bangalore,CA Pujara
1168,2009,Royal Challengers Bangalore,RV Uthappa
1169,2014,Kolkata Knight Riders,SA Yadav
1170,2015,Royal Challengers Bangalore,S Aravind
1171,2016,Kolkata Knight Riders,G Gambhir
1172,2012,Chennai Super Kings,SK Raina
1173,2016,Kings XI Punjab,MM Sharma
1174,2011,Rajasthan Royals,ND Doshi
1175,2014,Kings XI Punjab,R Dhawan
1176,2017,Kolkata Knight Riders,CA Lynn
1177,2017,Gujarat Lions,DR Smith
1178,2008,Rajasthan Royals,Younis Khan
1179,2014,Chennai Super Kings,DJ Hussey
1180,2014,Mumbai Indians,Harbhajan Singh
1181,2019,Chennai Super Kings,Harbhajan Singh
1182,2019,Delhi Capitals,K Rabada
1183,2019,Mumbai Indians,A Joseph
1184,2019,Sunrisers Hyderabad,V Shankar
1185,2013,Kolkata Knight Riders,R McLaren
1186,2009,Mumbai Indians,JP Duminy
1187,2017,Sunrisers Hyderabad,A Nehra
1188,2012,Kings XI Punjab,PC Valthaty
1189,2012,Chennai Super Kings,S Anirudha
1190,2018,Mumbai Indians,KA Pollard
1191,2015,Delhi Daredevils,MA Agarwal
1192,2014,Royal Challengers Bangalore,R Rampaul
1193,2016,Sunrisers Hyderabad,A Nehra
1194,2018,Royal Challengers Bangalore,M Ali
1195,2012,Pune Warriors,MN Samuels
1196,2011,Deccan Chargers,DB Ravi Teja
1197,2016,Kolkata Knight Riders,AS Rajpoot
1198,2008,Royal Challengers Bangalore,Z Khan
1199,2019,Kolkata Knight Riders,S Gill
1200,2016,Royal Challengers Bangalore,Sachin Baby
1201,2009,Delhi Daredevils,Y Nagar
1202,2017,Sunrisers Hyderabad,B Kumar
1203,2013,Sunrisers Hyderabad,CL White
1204,2015,Rajasthan Royals,Ankit Sharma
1205,2017,Mumbai Indians,JJ Bumrah
1206,2019,Mumbai Indians,J Behrendorff
1207,2019,Delhi Capitals,H Vihari
1208,2017,Rising Pune Supergiant,R Bhatia
1209,2017,Delhi Daredevils,MN Samuels
1210,2019,Royal Challengers Bangalore,M Ali
1211,2013,Pune Warriors,R Sharma
1212,2014,Rajasthan Royals,TG Southee
1213,2015,Mumbai Indians,UBT Chand
1214,2012,Kings XI Punjab,AM Nayar
1215,2010,Royal Challengers Bangalore,JH Kallis
1216,2009,Deccan Chargers,FH Edwards
1217,2016,Royal Challengers Bangalore,Iqbal Abdulla
1218,2015,Delhi Daredevils,NM Coulter-Nile
1219,2009,Royal Challengers Bangalore,RE van der Merwe
1220,2010,Kolkata Knight Riders,BB McCullum
1221,2013,Rajasthan Royals,PV Tambe
1222,2019,Mumbai Indians,Ishan Kishan
1223,2014,Mumbai Indians,P Suyal
1224,2008,Kings XI Punjab,Yuvraj Singh
1225,2015,Rajasthan Royals,SV Samson
1226,2017,Royal Challengers Bangalore,S Aravind
1227,2012,Delhi Daredevils,RE van der Merwe
1228,2013,Pune Warriors,M Rawat
1229,2019,Royal Challengers Bangalore,AD Nath
1230,2009,Chennai Super Kings,S Tyagi
1231,2009,Chennai Super Kings,Joginder Sharma
1232,2013,Pune Warriors,MN Samuels
1233,2015,Royal Challengers Bangalore,D Wiese
1234,2016,Kolkata Knight Riders,C Munro
1235,2015,Kolkata Knight Riders,SA Yadav
1236,2016,Sunrisers Hyderabad,BB Sran
1237,2011,Deccan Chargers,IR Jaggi
1238,2017,Royal Challengers Bangalore,STR Binny
1239,2014,Chennai Super Kings,V Shankar
1240,2014,Delhi Daredevils,JDS Neesham
1241,2016,Royal Challengers Bangalore,T Shamsi
1242,2017,Mumbai Indians,SL Malinga
1243,2010,Mumbai Indians,DJ Bravo
1244,2012,Delhi Daredevils,S Nadeem
1245,2010,Mumbai Indians,S Dhawan
1246,2010,Kings XI Punjab,IK Pathan
1247,2017,Rising Pune Supergiant,SN Thakur
1248,2017,Kings XI Punjab,Swapnil Singh
1249,2009,Rajasthan Royals,Kamran Khan
1250,2012,Delhi Daredevils,V Sehwag
1251,2012,Kings XI Punjab,P Awana
1252,2012,Delhi Daredevils,IK Pathan
1253,2013,Kings XI Punjab,MG Neser
1254,2017,Gujarat Lions,Basil Thampi
1255,2010,Chennai Super Kings,SB Jakati
1256,2008,Mumbai Indians,AM Nayar
1257,2015,Royal Challengers Bangalore,V Kohli
1258,2011,Kochi Tuskers Kerala,RR Powar
1259,2019,Sunrisers Hyderabad,Shakib Al Hasan
1260,2010,Delhi Daredevils,KD Karthik
1261,2017,Kings XI Punjab,AR Patel
1262,2013,Sunrisers Hyderabad,PA Reddy
1263,2011,Chennai Super Kings,S Anirudha
1264,2011,Pune Warriors,Kamran Khan
1265,2016,Kolkata Knight Riders,MK Pandey
1266,2012,Mumbai Indians,AT Rayudu
1267,2015,Kings XI Punjab,Shivam Sharma
1268,2017,Gujarat Lions,Tejas Baroka
1269,2013,Mumbai Indians,JDP Oram
1270,2012,Mumbai Indians,RG Sharma
1271,2014,Rajasthan Royals,AM Rahane
1272,2015,Chennai Super Kings,MEK Hussey
1273,2014,Delhi Daredevils,LR Shukla
1274,2017,Kings XI Punjab,MM Sharma
1275,2019,Royal Challengers Bangalore,UT Yadav
1276,2008,Chennai Super Kings,S Vidyut
1277,2011,Mumbai Indians,DS Kulkarni
1278,2011,Rajasthan Royals,AG Paunikar
1279,2010,Kings XI Punjab,J Theron
1280,2017,Delhi Daredevils,SS Iyer
1281,2012,Kings XI Punjab,AC Gilchrist
1282,2016,Kolkata Knight Riders,JW Hastings
1283,2017,Sunrisers Hyderabad,NV Ojha
1284,2014,Kolkata Knight Riders,CA Lynn
1285,2017,Kings XI Punjab,T Natarajan
1286,2014,Delhi Daredevils,Imran Tahir
1287,2019,Kolkata Knight Riders,KD Karthik
1288,2013,Kings XI Punjab,SE Marsh
1289,2011,Kolkata Knight Riders,Shakib Al Hasan
1290,2015,Kolkata Knight Riders,G Gambhir
1291,2016,Royal Challengers Bangalore,AF Milne
1292,2010,Mumbai Indians,Harbhajan Singh
1293,2009,Rajasthan Royals,M Morkel
1294,2012,Deccan Chargers,BB Samantray
1295,2011,Pune Warriors,RV Uthappa
1296,2013,Pune Warriors,RV Gomez
1297,2015,Chennai Super Kings,DR Smith
1298,2017,Delhi Daredevils,KK Nair
1299,2017,Gujarat Lions,SB Jakati
1300,2011,Kochi Tuskers Kerala,DPMD Jayawardene
1301,2012,Delhi Daredevils,KP Pietersen
1302,2008,Delhi Daredevils,AB de Villiers
1303,2008,Delhi Daredevils,R Bhatia
1304,2012,Chennai Super Kings,BW Hilfenhaus
1305,2019,Mumbai Indians,BCJ Cutting
1306,2011,Pune Warriors,M Kartik
1307,2010,Royal Challengers Bangalore,LRPL Taylor
1308,2016,Royal Challengers Bangalore,YS Chahal
1309,2011,Royal Challengers Bangalore,MA Agarwal
1310,2017,Royal Challengers Bangalore,Vishnu Vinod
1311,2013,Delhi Daredevils,S Kaul
1312,2017,Mumbai Indians,AT Rayudu
1313,2008,Kings XI Punjab,DPMD Jayawardene
1314,2016,Rising Pune Supergiants,JA Morkel
1315,2018,Kolkata Knight Riders,S Mavi
1316,2015,Chennai Super Kings,F du Plessis
1317,2013,Delhi Daredevils,IK Pathan
1318,2017,Kings XI Punjab,MP Stoinis
1319,2011,Kings XI Punjab,Bipul Sharma
1320,2011,Kings XI Punjab,PC Valthaty
1321,2009,Rajasthan Royals,T Henderson
1322,2012,Mumbai Indians,SL Malinga
1323,2018,Chennai Super Kings,Imran Tahir
1324,2012,Deccan Chargers,Anand Rajan
1325,2019,Delhi Capitals,Avesh Khan
1326,2015,Sunrisers Hyderabad,B Kumar
1327,2015,Kolkata Knight Riders,M Morkel
1328,2017,Mumbai Indians,JC Buttler
1329,2015,Delhi Daredevils,SS Tiwary
1330,2011,Delhi Daredevils,MS Wade
1331,2009,Kolkata Knight Riders,BAW Mendis
1332,2013,Delhi Daredevils,AB Agarkar
1333,2011,Mumbai Indians,MM Patel
1334,2009,Kings XI Punjab,B Lee
1335,2014,Sunrisers Hyderabad,IK Pathan
1336,2014,Sunrisers Hyderabad,DW Steyn
1337,2014,Royal Challengers Bangalore,AB Dinda
1338,2016,Gujarat Lions,DJ Bravo
1339,2017,Royal Challengers Bangalore,YS Chahal
1340,2017,Kings XI Punjab,WP Saha
1341,2016,Mumbai Indians,PA Patel
1342,2011,Kochi Tuskers Kerala,RP Singh
1343,2016,Rising Pune Supergiants,UT Khawaja
1344,2015,Sunrisers Hyderabad,KL Rahul
1345,2018,Kings XI Punjab,MP Stoinis
1346,2019,Kings XI Punjab,KK Nair
1347,2011,Rajasthan Royals,AM Rahane
1348,2010,Delhi Daredevils,MC Henriques
1349,2008,Chennai Super Kings,Joginder Sharma
1350,2009,Deccan Chargers,PP Ojha
1351,2018,Sunrisers Hyderabad,MK Pandey
1352,2008,Mumbai Indians,Harbhajan Singh
1353,2010,Kolkata Knight Riders,CK Langeveldt
1354,2019,Sunrisers Hyderabad,S Nadeem
1355,2017,Kolkata Knight Riders,SP Jackson
1356,2016,Rising Pune Supergiants,NLTC Perera
1357,2009,Chennai Super Kings,A Flintoff
1358,2013,Royal Challengers Bangalore,V Kohli
1359,2017,Kolkata Knight Riders,UT Yadav
1360,2018,Rajasthan Royals,K Gowtham
1361,2019,Delhi Capitals,R Tewatia
1362,2009,Kolkata Knight Riders,MC Henriques
1363,2010,Deccan Chargers,Anirudh Singh
1364,2014,Chennai Super Kings,BW Hilfenhaus
1365,2019,Chennai Super Kings,SW Billings
1366,2013,Pune Warriors,KW Richardson
1367,2012,Mumbai Indians,HH Gibbs
1368,2014,Rajasthan Royals,SPD Smith
1369,2016,Kolkata Knight Riders,Shakib Al Hasan
1370,2009,Chennai Super Kings,JA Morkel
1371,2013,Delhi Daredevils,J Botha
1372,2013,Royal Challengers Bangalore,KB Arun Karthik
1373,2017,Royal Challengers Bangalore,S Badree
1374,2009,Rajasthan Royals,SK Warne
1375,2018,Sunrisers Hyderabad,WP Saha
1376,2010,Kings XI Punjab,M Kaif
1377,2011,Royal Challengers Bangalore,V Kohli
1378,2018,Kolkata Knight Riders,SP Narine
1379,2018,Sunrisers Hyderabad,Sandeep Sharma
1380,2009,Kolkata Knight Riders,AD Mathews
1381,2014,Rajasthan Royals,PV Tambe
1382,2011,Chennai Super Kings,KMDN Kulasekara
1383,2013,Royal Challengers Bangalore,R Rampaul
1384,2019,Chennai Super Kings,SK Raina
1385,2012,Deccan Chargers,V Pratap Singh
1386,2013,Chennai Super Kings,B Laughlin
1387,2011,Kings XI Punjab,PP Chawla
1388,2017,Royal Challengers Bangalore,Mandeep Singh
1389,2011,Rajasthan Royals,LRPL Taylor
1390,2018,Rajasthan Royals,M Lomror
1391,2013,Kings XI Punjab,PC Valthaty
1392,2011,Deccan Chargers,MJ Lumb
1393,2011,Royal Challengers Bangalore,KB Arun Karthik
1394,2013,Sunrisers Hyderabad,DJG Sammy
1395,2009,Deccan Chargers,AA Bilakhia
1396,2017,Royal Challengers Bangalore,CH Gayle
1397,2014,Rajasthan Royals,R Tewatia
1398,2018,Kolkata Knight Riders,Kuldeep Yadav
1399,2018,Sunrisers Hyderabad,CR Brathwaite
1400,2011,Royal Challengers Bangalore,AA Kazi
1401,2011,Pune Warriors,B Kumar
1402,2018,Mumbai Indians,HH Pandya
1403,2010,Deccan Chargers,MR Marsh
1404,2017,Royal Challengers Bangalore,TS Mills
1405,2008,Kings XI Punjab,TM Srivastava
1406,2013,Sunrisers Hyderabad,PA Patel
1407,2015,Kings XI Punjab,BE Hendricks
1408,2014,Mumbai Indians,S Gopal
1409,2012,Royal Challengers Bangalore,R Vinay Kumar
1410,2014,Kolkata Knight Riders,PJ Cummins
1411,2016,Gujarat Lions,P Kumar
1412,2009,Deccan Chargers,SB Styris
1413,2017,Rising Pune Supergiant,AB Dinda
1414,2011,Mumbai Indians,AN Ahmed
1415,2018,Chennai Super Kings,L Ngidi
1416,2019,Chennai Super Kings,KV Sharma
1417,2010,Rajasthan Royals,SK Trivedi
1418,2008,Rajasthan Royals,Pankaj Singh
1419,2012,Mumbai Indians,KD Karthik
1420,2016,Kings XI Punjab,GJ Maxwell
1421,2013,Rajasthan Royals,Sachin Baby
1422,2018,Delhi Daredevils,S Lamichhane
1423,2009,Chennai Super Kings,M Vijay
1424,2017,Delhi Daredevils,S Nadeem
1425,2016,Kings XI Punjab,MP Stoinis
1426,2018,Kolkata Knight Riders,N Rana
1427,2019,Kolkata Knight Riders,RV Uthappa
1428,2015,Sunrisers Hyderabad,KS Williamson
1429,2014,Delhi Daredevils,S Nadeem
1430,2010,Kings XI Punjab,S Sreesanth
1431,2016,Gujarat Lions,JP Faulkner
1432,2017,Royal Challengers Bangalore,V Kohli
1433,2010,Deccan Chargers,HH Gibbs
1434,2014,Royal Challengers Bangalore,M Muralitharan
1435,2013,Kings XI Punjab,M Vohra
1436,2010,Deccan Chargers,AA Bilakhia
1437,2015,Chennai Super Kings,MS Dhoni
1438,2014,Kolkata Knight Riders,Shakib Al Hasan
1439,2015,Royal Challengers Bangalore,SN Khan
1440,2010,Delhi Daredevils,S Ladda
1441,2011,Rajasthan Royals,DH Yagnik
1442,2012,Kolkata Knight Riders,LR Shukla
1443,2012,Rajasthan Royals,SR Watson
1444,2008,Kings XI Punjab,WA Mota
1445,2016,Sunrisers Hyderabad,S Dhawan
1446,2019,Chennai Super Kings,MM Sharma
1447,2018,Kolkata Knight Riders,R Singh
1448,2017,Kolkata Knight Riders,PP Chawla
1449,2012,Delhi Daredevils,Sunny Gupta
1450,2016,Delhi Daredevils,P Negi
1451,2016,Delhi Daredevils,J Yadav
1452,2012,Mumbai Indians,RE Levi
1453,2019,Kings XI Punjab,MA Agarwal
1454,2017,Rising Pune Supergiant,DT Christian
1455,2017,Kolkata Knight Riders,RV Uthappa
1456,2012,Delhi Daredevils,AD Russell
1457,2010,Mumbai Indians,R McLaren
1458,2009,Deccan Chargers,HH Gibbs
1459,2011,Pune Warriors,JE Taylor
1460,2015,Mumbai Indians,P Suyal
1461,2019,Chennai Super Kings,RA Jadeja
1462,2017,Sunrisers Hyderabad,S Dhawan
1463,2015,Sunrisers Hyderabad,MC Henriques
1464,2018,Royal Challengers Bangalore,AB de Villiers
1465,2012,Mumbai Indians,RP Singh
1466,2018,Kolkata Knight Riders,J Searles
1467,2011,Kolkata Knight Riders,MK Tiwary
1468,2012,Royal Challengers Bangalore,TM Dilshan
1469,2010,Kolkata Knight Riders,WP Saha
1470,2013,Kolkata Knight Riders,R Bhatia
1471,2010,Mumbai Indians,AN Ahmed
1472,2012,Rajasthan Royals,Pankaj Singh
1473,2017,Mumbai Indians,RG Sharma
1474,2011,Kings XI Punjab,NJ Rimmington
1475,2008,Deccan Chargers,PP Ojha
1476,2010,Rajasthan Royals,AG Paunikar
1477,2012,Rajasthan Royals,SW Tait
1478,2010,Mumbai Indians,KA Pollard
1479,2014,Delhi Daredevils,Q de Kock
1480,2016,Kings XI Punjab,SE Marsh
1481,2008,Mumbai Indians,AM Rahane
1482,2019,Kings XI Punjab,A Singh
1483,2016,Delhi Daredevils,RR Pant
1484,2010,Delhi Daredevils,PD Collingwood
1485,2010,Deccan Chargers,KAJ Roach
1486,2016,Rising Pune Supergiants,R Ashwin
1487,2008,Kolkata Knight Riders,AB Dinda
1488,2010,Mumbai Indians,AG Murtaza
1489,2019,Rajasthan Royals,AM Rahane
1490,2008,Rajasthan Royals,M Kaif
1491,2012,Pune Warriors,Harpreet Singh
1492,2013,Kings XI Punjab,AC Gilchrist
1493,2011,Pune Warriors,Harpreet Singh
1494,2011,Pune Warriors,GC Smith
1495,2014,Rajasthan Royals,AM Nayar
1496,2013,Kings XI Punjab,Bipul Sharma
1497,2010,Chennai Super Kings,R Ashwin
1498,2017,Mumbai Indians,TG Southee
1499,2016,Kolkata Knight Riders,GB Hogg
1500,2008,Mumbai Indians,RR Raje
1501,2010,Rajasthan Royals,S Narwal
1502,2014,Delhi Daredevils,KP Pietersen
1503,2014,Royal Challengers Bangalore,AB de Villiers
1504,2010,Royal Challengers Bangalore,A Mithun
1505,2012,Kolkata Knight Riders,JD Unadkat
1506,2013,Royal Challengers Bangalore,M Muralitharan
1507,2010,Rajasthan Royals,YK Pathan
1508,2015,Royal Challengers Bangalore,MA Starc
1509,2012,Kings XI Punjab,BA Bhatt
1510,2018,Kings XI Punjab,AJ Tye
1511,2018,Rajasthan Royals,SV Samson
1512,2019,Royal Challengers Bangalore,H Klaasen
1513,2012,Mumbai Indians,DS Kulkarni
1514,2009,Mumbai Indians,SL Malinga
1515,2013,Pune Warriors,LRPL Taylor
1516,2008,Royal Challengers Bangalore,AA Noffke
1517,2018,Kings XI Punjab,MA Agarwal
1518,2015,Royal Challengers Bangalore,AB Dinda
1519,2019,Kolkata Knight Riders,AD Russell
1520,2009,Royal Challengers Bangalore,R Vinay Kumar
1521,2018,Rajasthan Royals,AM Rahane
1522,2014,Kolkata Knight Riders,UT Yadav
1523,2018,Rajasthan Royals,B Laughlin
1524,2009,Rajasthan Royals,SD Chitnis
1525,2013,Rajasthan Royals,S Sreesanth
1526,2010,Mumbai Indians,AP Tare
1527,2009,Rajasthan Royals,RA Jadeja
1528,2017,Royal Challengers Bangalore,TM Head
1529,2015,Sunrisers Hyderabad,GH Vihari
1530,2009,Kings XI Punjab,SM Katich
1531,2008,Deccan Chargers,SB Styris
1532,2013,Kolkata Knight Riders,P Dogra
1533,2012,Mumbai Indians,R Shukla
1534,2013,Delhi Daredevils,KM Jadhav
1535,2019,Sunrisers Hyderabad,S Sharma
1536,2016,Kolkata Knight Riders,Kuldeep Yadav
1537,2017,Mumbai Indians,KH Pandya
1538,2009,Kings XI Punjab,PP Chawla
1539,2011,Kolkata Knight Riders,EJG Morgan
1540,2014,Kolkata Knight Riders,JH Kallis
1541,2019,Kings XI Punjab,AS Rajpoot
1542,2018,Kolkata Knight Riders,P Krishna
1543,2009,Kings XI Punjab,S Sreesanth
1544,2008,Kings XI Punjab,RR Sarwan
1545,2013,Rajasthan Royals,AA Chavan
1546,2017,Gujarat Lions,PJ Sangwan
1547,2017,Gujarat Lions,KD Karthik
1548,2010,Kings XI Punjab,PP Chawla
1549,2012,Royal Challengers Bangalore,M Kaif
1550,2012,Chennai Super Kings,WP Saha
1551,2019,Sunrisers Hyderabad,K Ahmed
1552,2010,Royal Challengers Bangalore,V Kohli
1553,2018,Sunrisers Hyderabad,Rashid Khan
1554,2014,Kolkata Knight Riders,MK Pandey
1555,2015,Chennai Super Kings,MM Sharma
1556,2010,Royal Challengers Bangalore,R Dravid
1557,2012,Deccan Chargers,A Mishra
1558,2016,Kings XI Punjab,M Vijay
1559,2011,Pune Warriors,TD Paine
1560,2015,Chennai Super Kings,RA Jadeja
1561,2009,Delhi Daredevils,AB McDonald
1562,2008,Delhi Daredevils,B Geeves
1563,2013,Pune Warriors,B Kumar
1564,2017,Mumbai Indians,SS Tiwary
1565,2010,Chennai Super Kings,SK Raina
1566,2016,Delhi Daredevils,NM Coulter-Nile
1567,2008,Delhi Daredevils,GD McGrath
1568,2011,Kolkata Knight Riders,BJ Haddin
1569,2017,Sunrisers Hyderabad,Mohammad Nabi
1570,2012,Pune Warriors,AG Murtaza
1571,2014,Delhi Daredevils,Mohammed Shami
1572,2009,Rajasthan Royals,YK Pathan
1573,2019,Chennai Super Kings,MS Dhoni
1574,2009,Deccan Chargers,Y Venugopal Rao
1575,2019,Mumbai Indians,JJ Bumrah
1576,2010,Royal Challengers Bangalore,MV Boucher
1577,2015,Delhi Daredevils,DJ Muthuswami
1578,2008,Kolkata Knight Riders,DB Das
1579,2013,Rajasthan Royals,A Chandila
1580,2019,Rajasthan Royals,SPD Smith
1581,2012,Royal Challengers Bangalore,DL Vettori
1582,2014,Sunrisers Hyderabad,DA Warner
1583,2018,Royal Challengers Bangalore,TG Southee
1584,2008,Deccan Chargers,HH Gibbs
1585,2015,Kings XI Punjab,GJ Maxwell
1586,2010,Chennai Super Kings,KB Arun Karthik
1587,2011,Kochi Tuskers Kerala,B Akhil
1588,2013,Rajasthan Royals,OA Shah
1589,2009,Deccan Chargers,DB Ravi Teja
1590,2014,Kolkata Knight Riders,RN ten Doeschate
1591,2015,Kings XI Punjab,MG Johnson
1592,2014,Royal Challengers Bangalore,Yuvraj Singh
1593,2013,Pune Warriors,AD Mathews
1594,2017,Gujarat Lions,DS Kulkarni
1595,2014,Kolkata Knight Riders,AD Russell
1596,2008,Chennai Super Kings,JDP Oram
1597,2010,Kolkata Knight Riders,AB Dinda
1598,2012,Kolkata Knight Riders,YK Pathan
1599,2010,Royal Challengers Bangalore,RE van der Merwe
1600,2019,Sunrisers Hyderabad,B Kumar
1601,2010,Kolkata Knight Riders,RS Gavaskar
1602,2017,Rising Pune Supergiant,MK Tiwary
1603,2015,Chennai Super Kings,SK Raina
1604,2017,Royal Challengers Bangalore,AF Milne
1605,2013,Delhi Daredevils,DPMD Jayawardene
1606,2015,Delhi Daredevils,Z Khan
1607,2013,Chennai Super Kings,CH Morris
1608,2013,Mumbai Indians,R Dhawan
1609,2015,Royal Challengers Bangalore,NJ Maddinson
1610,2016,Royal Challengers Bangalore,STR Binny
1611,2014,Chennai Super Kings,R Ashwin
1612,2014,Rajasthan Royals,STR Binny
1613,2013,Chennai Super Kings,MEK Hussey
1614,2019,Kings XI Punjab,Mohammed Shami
1615,2011,Mumbai Indians,SR Tendulkar
1616,2016,Kings XI Punjab,Anureet Singh
1617,2009,Royal Challengers Bangalore,W Jaffer
1618,2011,Pune Warriors,NL McCullum
1619,2016,Kings XI Punjab,NS Naik
1620,2016,Royal Challengers Bangalore,VR Aaron
1621,2010,Kings XI Punjab,K Goel
1622,2015,Delhi Daredevils,S Nadeem
1623,2014,Chennai Super Kings,RA Jadeja
1624,2010,Chennai Super Kings,M Vijay
1625,2008,Rajasthan Royals,SA Asnodkar
1626,2017,Royal Challengers Bangalore,HV Patel
1627,2014,Mumbai Indians,KA Pollard
1628,2015,Delhi Daredevils,JD Unadkat
1629,2013,Delhi Daredevils,P Negi
1630,2014,Delhi Daredevils,KD Karthik
1631,2015,Kings XI Punjab,Gurkeerat Singh
1632,2016,Rising Pune Supergiants,PSP Handscomb
1633,2015,Kings XI Punjab,SN Thakur
1634,2012,Mumbai Indians,JEC Franklin
1635,2018,Chennai Super Kings,SW Billings
1636,2011,Deccan Chargers,B Chipli
1637,2013,Kings XI Punjab,P Awana
1638,2016,Kolkata Knight Riders,SA Yadav
1639,2011,Kings XI Punjab,BA Bhatt
1640,2018,Chennai Super Kings,MS Dhoni
1641,2015,Mumbai Indians,AT Rayudu
1642,2018,Mumbai Indians,M Markande
1643,2011,Rajasthan Royals,R Dravid
1644,2015,Royal Challengers Bangalore,RR Rossouw
1645,2013,Kolkata Knight Riders,BB McCullum
1646,2015,Kolkata Knight Riders,YK Pathan
1647,2016,Sunrisers Hyderabad,MC Henriques
1648,2011,Kolkata Knight Riders,RN ten Doeschate
1649,2012,Kolkata Knight Riders,BB McCullum
1650,2008,Mumbai Indians,SS Tiwary
1651,2012,Deccan Chargers,AA Jhunjhunwala
1652,2012,Deccan Chargers,DB Ravi Teja
1653,2013,Kolkata Knight Riders,SMSM Senanayake
1654,2010,Kings XI Punjab,RR Powar
1655,2009,Chennai Super Kings,T Thushara
1656,2009,Kolkata Knight Riders,CK Langeveldt
1657,2008,Mumbai Indians,A Nel
1658,2011,Mumbai Indians,R Sathish
1659,2015,Sunrisers Hyderabad,NV Ojha
1660,2019,Delhi Capitals,K Paul
1661,2012,Delhi Daredevils,DPMD Jayawardene
1662,2009,Royal Challengers Bangalore,P Kumar
1663,2013,Royal Challengers Bangalore,RP Singh
1664,2017,Sunrisers Hyderabad,DA Warner
1665,2017,Gujarat Lions,NB Singh
1666,2010,Royal Challengers Bangalore,A Kumble
1667,2017,Kolkata Knight Riders,YK Pathan
1668,2013,Sunrisers Hyderabad,DB Ravi Teja
1669,2017,Kolkata Knight Riders,SP Narine
1670,2015,Delhi Daredevils,GS Sandhu
1671,2013,Rajasthan Royals,KK Cooper
1672,2010,Delhi Daredevils,V Sehwag
1673,2013,Rajasthan Royals,SR Watson
1674,2013,Delhi Daredevils,M Morkel
1675,2015,Royal Challengers Bangalore,CH Gayle
1676,2011,Kochi Tuskers Kerala,BJ Hodge
1677,2014,Kolkata Knight Riders,M Morkel
1678,2008,Royal Challengers Bangalore,A Kumble
1679,2017,Kings XI Punjab,R Tewatia
1680,2009,Mumbai Indians,YV Takawale
1681,2013,Kolkata Knight Riders,YK Pathan
1682,2008,Royal Challengers Bangalore,S Chanderpaul
1683,2008,Royal Challengers Bangalore,DW Steyn
1684,2019,Chennai Super Kings,Imran Tahir
1685,2012,Deccan Chargers,S Dhawan
1686,2015,Delhi Daredevils,JP Duminy
1687,2015,Royal Challengers Bangalore,HV Patel
1688,2012,Mumbai Indians,TL Suman
1689,2017,Kolkata Knight Riders,DM Bravo
1690,2012,Delhi Daredevils,Y Venugopal Rao
1691,2013,Delhi Daredevils,S Nadeem
1692,2009,Kolkata Knight Riders,Yashpal Singh
1693,2011,Kochi Tuskers Kerala,BB McCullum
1694,2018,Sunrisers Hyderabad,B Stanlake
1695,2019,Sunrisers Hyderabad,Ankit Sharma
1696,2010,Rajasthan Royals,SA Asnodkar
1697,2012,Royal Challengers Bangalore,MA Agarwal
1698,2008,Mumbai Indians,ST Jayasuriya
1699,2010,Rajasthan Royals,AP Dole
1700,2012,Chennai Super Kings,MEK Hussey
1701,2011,Kolkata Knight Riders,JH Kallis
1702,2018,Royal Challengers Bangalore,Mohammed Siraj
1703,2012,Kings XI Punjab,Bipul Sharma
1704,2016,Kings XI Punjab,F Behardien
1705,2013,Rajasthan Royals,STR Binny
1706,2013,Sunrisers Hyderabad,Anand Rajan
1707,2011,Pune Warriors,Yuvraj Singh
1708,2012,Kings XI Punjab,N Saini
1709,2016,Delhi Daredevils,S Nadeem
1710,2019,Rajasthan Royals,SV Samson
1711,2011,Kings XI Punjab,AM Nayar
1712,2019,Sunrisers Hyderabad,WP Saha
1713,2019,Kings XI Punjab,DA Miller
1714,2013,Delhi Daredevils,DA Warner
1715,2008,Royal Challengers Bangalore,DT Patil
1716,2016,Sunrisers Hyderabad,EJG Morgan
1717,2017,Delhi Daredevils,PJ Cummins
1718,2008,Mumbai Indians,YV Takawale
1719,2010,Mumbai Indians,SS Tiwary
1720,2012,Pune Warriors,A Nehra
1721,2014,Mumbai Indians,Z Khan
1722,2017,Gujarat Lions,S Kaushik
1723,2015,Rajasthan Royals,R Bhatia
1724,2010,Kolkata Knight Riders,MK Tiwary
1725,2012,Mumbai Indians,DR Smith
1726,2009,Royal Challengers Bangalore,B Akhil
1727,2011,Deccan Chargers,I Malhotra
1728,2014,Kings XI Punjab,GJ Bailey
1729,2016,Mumbai Indians,S Gopal
1730,2013,Rajasthan Royals,R Shukla
1731,2015,Kings XI Punjab,R Dhawan
1732,2012,Delhi Daredevils,AJ Finch
1733,2016,Kolkata Knight Riders,YK Pathan
1734,2017,Royal Challengers Bangalore,SR Watson
1735,2015,Mumbai Indians,JJ Bumrah
1736,2009,Kolkata Knight Riders,BB McCullum
1737,2008,Kings XI Punjab,LA Pomersbach
1738,2014,Chennai Super Kings,MS Dhoni
1739,2018,Royal Challengers Bangalore,K Khejroliya
1740,2008,Kolkata Knight Riders,Shoaib Akhtar
1741,2011,Chennai Super Kings,MEK Hussey
1742,2015,Chennai Super Kings,P Negi
1743,2016,Gujarat Lions,BB McCullum
1744,2016,Kings XI Punjab,P Sahu
1745,2009,Chennai Super Kings,ML Hayden
1746,2010,Deccan Chargers,TL Suman
1747,2013,Kings XI Punjab,Gurkeerat Singh
1748,2011,Delhi Daredevils,UBT Chand
1749,2013,Kings XI Punjab,MS Gony
1750,2014,Royal Challengers Bangalore,JA Morkel
1751,2009,Kolkata Knight Riders,AN Ghosh
1752,2011,Delhi Daredevils,AB Dinda
1753,2013,Pune Warriors,Yuvraj Singh
1754,2013,Mumbai Indians,GJ Maxwell
1755,2013,Delhi Daredevils,AD Russell
1756,2018,Kings XI Punjab,DA Miller
1757,2015,Sunrisers Hyderabad,TA Boult
1758,2015,Sunrisers Hyderabad,EJG Morgan
1759,2013,Mumbai Indians,KD Karthik
1760,2013,Sunrisers Hyderabad,S Dhawan
1761,2013,Chennai Super Kings,WP Saha
1762,2016,Delhi Daredevils,CH Morris
1763,2010,Deccan Chargers,RG Sharma
1764,2010,Royal Challengers Bangalore,EJG Morgan
1765,2018,Mumbai Indians,JJ Bumrah
1766,2018,Delhi Daredevils,CH Morris
1767,2018,Chennai Super Kings,RA Jadeja
1768,2019,Chennai Super Kings,M Santner
1769,2009,Delhi Daredevils,DL Vettori
1770,2015,Mumbai Indians,PA Patel
1771,2014,Mumbai Indians,P Kumar
1772,2017,Delhi Daredevils,CJ Anderson
1773,2017,Delhi Daredevils,Mohammed Shami
1774,2014,Royal Challengers Bangalore,SB Jakati
1775,2013,Pune Warriors,Parvez Rasool
1776,2015,Rajasthan Royals,BB Sran
1777,2017,Royal Challengers Bangalore,B Stanlake
1778,2016,Gujarat Lions,RA Jadeja
1779,2009,Rajasthan Royals,LA Carseldine
1780,2014,Delhi Daredevils,NM Coulter-Nile
1781,2019,Mumbai Indians,AS Yadav
1782,2016,Mumbai Indians,R Vinay Kumar
1783,2009,Mumbai Indians,S Dhawan
1784,2013,Kolkata Knight Riders,L Balaji
1785,2012,Pune Warriors,SC Ganguly
1786,2009,Chennai Super Kings,SB Jakati
1787,2011,Kings XI Punjab,Sunny Singh
1788,2011,Rajasthan Royals,SA Asnodkar
1789,2014,Mumbai Indians,RG Sharma
1790,2011,Delhi Daredevils,Y Venugopal Rao
1791,2016,Mumbai Indians,RG Sharma
1792,2010,Chennai Super Kings,ML Hayden
1793,2017,Sunrisers Hyderabad,S Kaul
1794,2014,Kings XI Punjab,Shivam Sharma
1795,2010,Deccan Chargers,DR Smith
1796,2014,Rajasthan Royals,JP Faulkner
1797,2010,Chennai Super Kings,S Tyagi
1798,2008,Royal Challengers Bangalore,V Kohli
1799,2009,Mumbai Indians,SS Tiwary
1800,2014,Royal Challengers Bangalore,PA Patel
1801,2016,Rising Pune Supergiants,GJ Bailey
1802,2011,Deccan Chargers,JP Duminy
1803,2015,Mumbai Indians,MJ McClenaghan
1804,2017,Kings XI Punjab,SE Marsh
1805,2008,Deccan Chargers,Shahid Afridi
1806,2014,Rajasthan Royals,KK Nair
1807,2010,Rajasthan Royals,MJ Lumb
1808,2009,Royal Challengers Bangalore,LRPL Taylor
1809,2011,Delhi Daredevils,NV Ojha
1810,2014,Kings XI Punjab,M Kartik
1811,2009,Kings XI Punjab,S Sohal
1812,2015,Kings XI Punjab,Sandeep Sharma
1813,2011,Deccan Chargers,KC Sangakkara
1814,2011,Kings XI Punjab,KD Karthik
1815,2017,Delhi Daredevils,AR Bawne
1816,2014,Delhi Daredevils,JD Unadkat
1817,2009,Delhi Daredevils,A Mishra
1818,2013,Sunrisers Hyderabad,A Ashish Reddy
1819,2013,Kolkata Knight Riders,B Lee
1820,2014,Sunrisers Hyderabad,AJ Finch
1821,2013,Mumbai Indians,PP Ojha
1822,2014,Rajasthan Royals,R Bhatia
1823,2012,Deccan Chargers,JP Duminy
1824,2018,Delhi Daredevils,A Mishra
1825,2014,Delhi Daredevils,KM Jadhav
1826,2014,Chennai Super Kings,MM Sharma
1827,2009,Kings XI Punjab,YA Abdulla
1828,2009,Chennai Super Kings,JDP Oram
1829,2010,Delhi Daredevils,A Mishra
1830,2018,Chennai Super Kings,SK Raina
1831,2009,Royal Challengers Bangalore,Pankaj Singh
1832,2010,Rajasthan Royals,FY Fazal
1833,2013,Delhi Daredevils,UBT Chand
1834,2018,Sunrisers Hyderabad,KS Williamson
1835,2010,Mumbai Indians,JP Duminy
1836,2019,Royal Challengers Bangalore,Gurkeerat Singh
1837,2018,Chennai Super Kings,KM Asif
1838,2008,Royal Challengers Bangalore,CL White
1839,2013,Sunrisers Hyderabad,A Mishra
1840,2013,Sunrisers Hyderabad,KC Sangakkara
1841,2011,Kings XI Punjab,Mandeep Singh
1842,2018,Delhi Daredevils,R Tewatia
1843,2010,Mumbai Indians,STR Binny
1844,2016,Gujarat Lions,SK Raina
1845,2014,Delhi Daredevils,MA Agarwal
1846,2018,Chennai Super Kings,KV Sharma
1847,2013,Kings XI Punjab,DA Miller
1848,2010,Kings XI Punjab,Bipul Sharma
1849,2008,Mumbai Indians,A Nehra
1850,2012,Kolkata Knight Riders,SP Narine
1851,2009,Deccan Chargers,DR Smith
1852,2013,Chennai Super Kings,JA Morkel
1853,2019,Chennai Super Kings,S Kuggeleijn
1854,2014,Kings XI Punjab,M Vohra
1855,2016,Sunrisers Hyderabad,KV Sharma
1856,2011,Chennai Super Kings,SK Raina
1857,2017,Sunrisers Hyderabad,BCJ Cutting
1858,2011,Mumbai Indians,AG Murtaza
1859,2016,Sunrisers Hyderabad,Yuvraj Singh
1860,2013,Royal Challengers Bangalore,KL Rahul
1861,2013,Sunrisers Hyderabad,BB Samantray
1862,2012,Delhi Daredevils,M Morkel
1863,2017,Sunrisers Hyderabad,CJ Jordan
1864,2008,Delhi Daredevils,A Mishra
1865,2011,Delhi Daredevils,TR Birt
1866,2012,Deccan Chargers,PA Patel
1867,2009,Kolkata Knight Riders,Mashrafe Mortaza
1868,2009,Chennai Super Kings,SK Raina
1869,2015,Kolkata Knight Riders,PP Chawla
1870,2010,Royal Challengers Bangalore,KP Appanna
1871,2015,Royal Challengers Bangalore,YS Chahal
1872,2013,Pune Warriors,K Upadhyay
1873,2018,Kings XI Punjab,KK Nair
1874,2016,Delhi Daredevils,Q de Kock
1875,2018,Kings XI Punjab,AJ Finch
1876,2013,Royal Challengers Bangalore,TM Dilshan
1877,2008,Kolkata Knight Riders,WP Saha
1878,2012,Delhi Daredevils,UT Yadav
1879,2010,Mumbai Indians,AT Rayudu
1880,2019,Mumbai Indians,KA Pollard
1881,2016,Gujarat Lions,DS Kulkarni
1882,2013,Kings XI Punjab,RJ Harris
1883,2011,Kolkata Knight Riders,L Balaji
1884,2011,Kolkata Knight Riders,S Ladda
1885,2012,Mumbai Indians,Harbhajan Singh
1886,2016,Royal Challengers Bangalore,SR Watson
1887,2016,Mumbai Indians,N Rana
1888,2017,Mumbai Indians,R Vinay Kumar
1889,2012,Royal Challengers Bangalore,AB de Villiers
1890,2014,Rajasthan Royals,DS Kulkarni
1891,2010,Chennai Super Kings,T Thushara
1892,2011,Royal Challengers Bangalore,CA Pujara
1893,2016,Sunrisers Hyderabad,Bipul Sharma
1894,2016,Mumbai Indians,JC Buttler
1895,2008,Chennai Super Kings,M Muralitharan
1896,2015,Rajasthan Royals,JP Faulkner
1897,2018,Royal Challengers Bangalore,PA Patel
1898,2016,Royal Challengers Bangalore,Parvez Rasool
1899,2019,Sunrisers Hyderabad,S Kaul
1900,2009,Deccan Chargers,TL Suman
1901,2017,Rising Pune Supergiant,RA Tripathi
1902,2018,Delhi Daredevils,SS Iyer
1903,2012,Deccan Chargers,B Chipli
1904,2017,Kings XI Punjab,EJG Morgan
1905,2011,Mumbai Indians,KA Pollard
1906,2011,Chennai Super Kings,WP Saha
1907,2013,Royal Challengers Bangalore,CA Pujara
1908,2014,Chennai Super Kings,JW Hastings
1909,2014,Kings XI Punjab,BE Hendricks
1910,2009,Mumbai Indians,C Nanda
1911,2013,Kings XI Punjab,DJ Hussey
1912,2012,Rajasthan Royals,DH Yagnik
1913,2018,Royal Challengers Bangalore,V Kohli
1914,2016,Gujarat Lions,Ishan Kishan
1915,2011,Chennai Super Kings,MS Dhoni
1916,2012,Delhi Daredevils,NV Ojha
1917,2019,Mumbai Indians,SL Malinga
1918,2019,Royal Challengers Bangalore,N Saini
1919,2019,Sunrisers Hyderabad,Rashid Khan
1920,2017,Sunrisers Hyderabad,Mustafizur Rahman
1921,2016,Gujarat Lions,AD Nath
1922,2015,Kolkata Knight Riders,Azhar Mahmood
1923,2016,Royal Challengers Bangalore,KL Rahul
1924,2019,Mumbai Indians,M Markande
1925,2014,Kolkata Knight Riders,YK Pathan
1926,2017,Gujarat Lions,JJ Roy
1927,2011,Chennai Super Kings,R Ashwin
1928,2014,Royal Challengers Bangalore,NJ Maddinson
1929,2016,Mumbai Indians,KH Pandya
1930,2011,Rajasthan Royals,Pankaj Singh
1931,2010,Deccan Chargers,AC Gilchrist
1932,2010,Kolkata Knight Riders,Iqbal Abdulla
1933,2009,Delhi Daredevils,AM Salvi
1934,2018,Kolkata Knight Riders,AD Russell
1935,2017,Delhi Daredevils,SW Billings
1936,2019,Mumbai Indians,R Salam
1937,2015,Kings XI Punjab,GJ Bailey
1938,2011,Kolkata Knight Riders,B Lee
1939,2012,Rajasthan Royals,J Botha
1940,2019,Delhi Capitals,C Ingram
1941,2014,Kings XI Punjab,GJ Maxwell
1942,2013,Sunrisers Hyderabad,X Thalaivan Sargunam
1943,2011,Rajasthan Royals,AL Menaria
1944,2011,Mumbai Indians,DJ Jacobs
1945,2008,Royal Challengers Bangalore,JH Kallis
1946,2008,Kings XI Punjab,SE Marsh
1947,2010,Deccan Chargers,RP Singh
1948,2009,Mumbai Indians,RA Shaikh
1949,2009,Royal Challengers Bangalore,SP Goswami
1950,2012,Kolkata Knight Riders,G Gambhir
1951,2014,Delhi Daredevils,M Vijay
1952,2011,Royal Challengers Bangalore,AUK Pathan
1953,2009,Delhi Daredevils,AB de Villiers
1954,2015,Delhi Daredevils,A Mishra
1955,2016,Royal Challengers Bangalore,AB de Villiers
1956,2009,Kolkata Knight Riders,AB Dinda
1957,2012,Royal Challengers Bangalore,J Syed Mohammad
1958,2019,Kings XI Punjab,AJ Tye
1959,2011,Mumbai Indians,AC Blizzard
1960,2010,Delhi Daredevils,AB de Villiers
1961,2017,Mumbai Indians,MJ McClenaghan
1962,2014,Kings XI Punjab,Mandeep Singh
1963,2010,Deccan Chargers,MD Mishra
1964,2014,Royal Challengers Bangalore,AN Ahmed
1965,2009,Kolkata Knight Riders,SS Sarkar
1966,2016,Mumbai Indians,Harbhajan Singh
1967,2012,Pune Warriors,SPD Smith
1968,2019,Mumbai Indians,BB Sran
1969,2011,Kolkata Knight Riders,MV Boucher
1970,2013,Kings XI Punjab,LA Pomersbach
1971,2017,Mumbai Indians,PA Patel
1972,2015,Sunrisers Hyderabad,DW Steyn
1973,2008,Delhi Daredevils,DL Vettori
1974,2017,Sunrisers Hyderabad,Mohammed Siraj
1975,2008,Kings XI Punjab,RR Powar
1976,2008,Mumbai Indians,CRD Fernando
1977,2014,Chennai Super Kings,A Nehra
1978,2014,Rajasthan Royals,SR Watson
1979,2017,Kings XI Punjab,MJ Guptill
1980,2019,Delhi Capitals,J Suchith
1981,2013,Rajasthan Royals,Harmeet Singh (2)
1982,2009,Rajasthan Royals,AS Raut
1983,2012,Kolkata Knight Riders,JH Kallis
1984,2009,Rajasthan Royals,SK Trivedi
1985,2017,Sunrisers Hyderabad,DJ Hooda
1986,2009,Delhi Daredevils,R Bhatia
1987,2013,Kings XI Punjab,Mandeep Singh
1988,2019,Mumbai Indians,HH Pandya
1989,2009,Kings XI Punjab,IK Pathan
1990,2009,Kings XI Punjab,Yuvraj Singh
1991,2018,Rajasthan Royals,Anureet Singh
1992,2016,Gujarat Lions,DR Smith
1993,2014,Sunrisers Hyderabad,Parvez Rasool
1994,2016,Kings XI Punjab,Sandeep Sharma
1995,2018,Kings XI Punjab,AR Patel
1996,2011,Kochi Tuskers Kerala,VVS Laxman
1997,2017,Rising Pune Supergiant,Washington Sundar
1998,2008,Deccan Chargers,PM Sarvesh Kumar
1999,2019,Sunrisers Hyderabad,Mohammad Nabi
2000,2008,Delhi Daredevils,S Dhawan
2001,2013,Royal Challengers Bangalore,KK Nair
2002,2008,Kolkata Knight Riders,BJ Hodge
2003,2008,Rajasthan Royals,SR Watson
2004,2019,Kings XI Punjab,Mandeep Singh
2005,2014,Royal Challengers Bangalore,VR Aaron
2006,2018,Kolkata Knight Riders,S Gill
2007,2011,Chennai Super Kings,S Randiv
2008,2018,Royal Challengers Bangalore,C de Grandhomme
2009,2011,Kochi Tuskers Kerala,P Prasanth
2010,2013,Kolkata Knight Riders,RN ten Doeschate
2011,2010,Kolkata Knight Riders,OA Shah
